date,AAPL,MSFT,NVDA,AMD,GS,BAC,F,JNJ
2014-01-03,19.4749,36.8879,0.3928,3.9534,178.1137,16.412,15.4796,91.8615
2014-01-06,19.3213,36.2745,0.3964,4.1101,179.8483,16.6287,15.6275,92.3504
2014-01-07,19.3329,36.3562,0.4028,4.1944,179.0636,16.579,15.5062,94.14
2014-01-08,19.4038,35.8378,0.4084,4.2113,177.9468,16.6146,15.5946,94.1426
2014-01-09,19.2943,35.5986,0.3961,4.1259,177.5261,16.7513,15.8744,94.6954
2014-01-10,19.0659,35.9653,0.3929,4.1337,178.0839,16.7004,16.0332,94.5435
2014-01-13,19.1801,35.2951,0.3888,4.1432,176.6562,16.5838,16.2853,94.4691
2014-01-14,19.4033,35.5407,0.3935,4.2454,176.4371,16.6713,16.332,94.6602
2014-01-15,19.9105,36.5845,0.3997,4.4939,178.8601,17.2232,16.6092,94.8584
2014-01-16,19.8115,36.6378,0.4009,4.4009,175.771,17.0468,16.6801,94.6174
2014-01-17,19.4976,36.5022,0.4013,4.2347,176.2675,17.0605,16.5735,94.9174
2014-01-21,19.5221,36.3128,0.4004,4.1639,173.2857,17.02,16.438,93.558
2014-01-22,19.764,36.027,0.3998,3.7289,173.8762,17.0666,16.5287,94.1687
2014-01-23,19.714,36.0748,0.3988,3.6276,170.5408,16.8612,16.4078,92.8287
2014-01-24,19.6392,36.991,0.3928,3.4935,168.3856,16.5541,15.9261,91.2448
2014-01-27,19.3585,36.2672,0.3887,3.4014,165.5235,16.3206,15.7007,90.2468
2014-01-28,18.1918,36.0832,0.3883,3.5087,165.9003,16.6588,15.7434,90.101
2014-01-29,17.9307,36.5776,0.3883,3.4956,164.7347,16.6873,15.3498,88.9972
2014-01-30,17.8802,36.6716,0.3916,3.4728,165.5264,16.8868,15.2697,89.4299
2014-01-31,17.7956,37.4787,0.3921,3.4435,164.6116,16.7891,14.9772,88.4939
2014-02-03,17.9578,36.91,0.389,3.358,161.8403,16.5487,14.5711,87.3362
2014-02-04,18.1172,36.5912,0.388,3.369,161.4778,16.4363,14.7733,86.6028
2014-02-05,18.2867,36.0058,0.3853,3.3242,161.1351,16.3239,14.6884,87.2128
2014-02-06,18.2852,36.1044,0.3907,3.4085,161.2673,16.6251,14.7427,88.3768
2014-02-07,18.5897,36.3735,0.3937,3.4683,161.4505,16.7858,15.0033,89.4749
2014-02-10,18.8447,36.6317,0.3985,3.5669,161.0088,16.6717,14.8691,90.5783
2014-02-11,19.1015,37.1482,0.4041,3.712,163.1173,16.7718,14.9362,92.4426
2014-02-12,19.1592,37.4813,0.4158,3.6794,163.9857,16.7513,15.0473,92.3951
2014-02-13,19.3361,37.6832,0.43,3.686,163.4672,16.7327,15.0098,92.2748
2014-02-14,19.4101,37.5933,0.444,3.6719,163.5818,16.6979,15.2119,92.6344
2014-02-18,19.5772,37.5281,0.4476,3.6916,164.8079,16.5598,15.3962,92.2912
2014-02-19,19.2707,37.529,0.4532,3.7121,164.5845,16.303,15.3352,91.9834
2014-02-20,18.9931,37.6943,0.4635,3.7102,164.2247,16.2868,15.242,92.2952
2014-02-21,18.8794,38.0758,0.4677,3.6961,164.9164,16.3473,15.1934,91.8012
2014-02-24,18.8036,37.8105,0.4717,3.7134,166.6229,16.5162,15.2485,91.4132
2014-02-25,18.7399,37.6245,0.4689,3.6988,164.6738,16.4333,15.1724,91.0977
2014-02-26,18.5278,37.5025,0.4696,3.6878,162.088,16.268,15.2928,91.0701
2014-02-27,18.7251,37.6087,0.4644,3.7351,164.6377,16.3979,15.3164,91.2355
2014-02-28,18.8373,38.2345,0.46,3.7359,166.4593,16.522,15.3352,92.0173
2014-03-03,18.8005,37.7185,0.4533,3.6496,164.4885,16.2805,15.1534,91.3379
2014-03-04,18.9523,38.3319,0.4623,3.7049,167.8154,16.598,15.342,93.0661
2014-03-05,19.0029,38.0446,0.4643,3.7094,171.3632,17.1589,15.5867,92.6587
2014-03-06,18.9731,38.0715,0.4613,3.727,173.1503,17.4308,15.7241,93.0699
2014-03-07,18.8709,37.8787,0.4584,3.9327,174.2122,17.3706,15.635,93.1641
2014-03-10,18.9777,37.8318,0.4527,3.8827,173.3357,17.392,15.5285,93.2705
2014-03-11,19.1671,38.0042,0.4567,3.9175,171.2295,17.3346,15.3311,93.4727
2014-03-12,19.111,38.2019,0.4567,3.8972,169.137,17.1935,15.2893,93.2864
2014-03-13,19.0632,37.9793,0.4474,3.8932,168.162,17.2325,15.2389,93.4316
2014-03-14,18.7721,37.8736,0.4455,3.8473,165.8351,16.9198,15.1442,92.971
2014-03-17,18.8593,38.1418,0.4474,3.8386,167.3396,17.0953,15.2604,93.8312
2014-03-18,18.9101,39.4129,0.4546,3.8672,168.181,17.1764,15.5019,93.8623
2014-03-19,19.0493,39.2929,0.4667,3.9684,168.3219,17.3365,15.4809,93.8206
2014-03-20,18.9042,40.1754,0.4645,4.0016,169.1631,17.7842,15.4883,93.7798
2014-03-21,18.9459,40.4414,0.4652,4.075,168.7159,17.7284,15.5492,95.1257
2014-03-24,19.2278,40.3011,0.4614,4.0543,166.0768,17.4112,15.3954,94.9887
2014-03-25,19.3828,40.297,0.4623,4.0603,164.2396,17.3447,15.3573,96.842
2014-03-26,19.4493,39.9688,0.458,4.0498,162.877,17.2665,15.3221,97.7237
2014-03-27,19.2054,39.5596,0.4454,3.9393,162.1356,17.1084,15.2764,97.2573
2014-03-28,19.1645,40.321,0.4484,3.9226,162.7778,16.9881,15.4714,97.5426
2014-03-31,19.203,41.1648,0.4485,3.9751,163.5704,17.1996,15.5816,98.1654
2014-04-01,19.2612,41.365,0.4651,4.0324,165.4723,17.3309,16.2161,97.9046
2014-04-02,19.3514,41.3419,0.4638,4.0796,166.9342,17.2105,16.3658,98.0722
2014-04-03,19.2777,40.9649,0.4719,4.0292,166.0777,17.1154,16.3969,97.9633
2014-04-04,19.0633,40.1248,0.4579,4.0102,164.528,16.9226,16.2491,98.8184
2014-04-07,18.762,39.9871,0.4566,3.885,159.7208,16.4208,15.9854,98.3975
2014-04-08,18.6762,39.6957,0.4688,3.9312,156.7483,16.3872,16.0854,98.0976
2014-04-09,18.8194,40.268,0.4725,3.993,157.7048,16.5027,15.9075,98.3337
2014-04-10,18.8223,39.7488,0.4649,3.9054,156.9608,16.2675,15.7346,97.4566
2014-04-11,18.5676,39.3622,0.4551,3.7323,153.2682,15.8824,15.7545,96.7592
2014-04-14,18.5626,39.153,0.4564,3.7121,154.2873,16.0044,15.6728,96.8592
2014-04-15,18.4434,39.5694,0.4587,3.7763,154.335,16.2101,15.7626,98.657
2014-04-16,18.4919,40.1836,0.4596,3.7691,156.2657,16.0007,16.0043,98.8623
2014-04-17,18.701,39.9459,0.4641,3.7441,158.668,16.1329,16.0371,99.1337
2014-04-21,18.9036,40.014,0.4661,4.1189,157.676,16.0914,15.9871,99.6882
2014-04-22,18.9256,39.9752,0.472,4.2406,159.8467,16.2445,16.0842,100.3802
2014-04-23,19.2887,39.6726,0.4761,4.2274,160.242,16.3181,16.2248,100.2186
2014-04-24,20.2277,39.6898,0.4829,4.2937,161.3318,16.367,16.3172,99.9151
2014-04-25,20.3017,40.1244,0.4726,4.1196,158.5866,16.0511,15.8017,99.8304
2014-04-28,20.9671,40.7916,0.467,3.9835,156.007,15.1157,15.917,100.8758
2014-04-29,21.175,40.6509,0.4654,3.9924,157.9248,15.1438,16.0797,101.2898
2014-04-30,21.2177,40.3362,0.463,4.0555,159.396,15.1794,16.0447,101.1393
2014-05-01,21.1177,40.0698,0.4653,4.1796,160.4004,15.132,16.0049,100.3841
2014-05-02,21.1498,39.8349,0.4618,4.131,159.6181,15.2074,15.8838,99.3035
2014-05-05,21.3304,39.435,0.4657,4.095,156.05,15.0744,15.7616,99.786
2014-05-06,21.4045,39.1351,0.4602,4.0493,154.7756,14.8308,15.6043,99.6923
2014-05-07,21.1341,38.9982,0.4558,3.9427,155.281,14.826,15.4878,100.4828
2014-05-08,21.082,39.5955,0.4644,3.9647,157.2514,14.9379,15.8222,100.656
2014-05-09,20.8181,39.5668,0.4488,3.8882,156.9007,14.7605,15.8011,100.8092
2014-05-12,21.1128,39.9297,0.4623,3.9529,159.3104,14.9823,15.8436,100.5809
2014-05-13,21.1777,40.3373,0.4586,4.0429,160.2649,15.0349,15.8311,100.95
2014-05-14,21.2386,40.2596,0.4552,4.017,159.8288,14.882,15.7883,100.9118
2014-05-15,21.115,39.657,0.4506,3.9417,156.6782,14.5375,15.6282,100.6287
2014-05-16,21.1148,39.5941,0.4491,3.9802,156.0147,14.4524,15.7657,100.4959
2014-05-19,21.5893,39.6789,0.4626,4.0662,157.5282,14.6046,15.8776,100.4888
2014-05-20,21.574,39.651,0.4575,4.0459,156.5042,14.5602,15.8197,100.3057
2014-05-21,21.5976,40.1816,0.457,4.0797,159.2481,14.6173,15.8868,101.0131
2014-05-22,21.675,40.0622,0.458,4.0358,159.9064,14.6749,15.9569,100.701
2014-05-23,21.7972,40.1307,0.462,4.0238,160.0348,14.7465,16.0027,101.0153
2014-05-27,22.2147,40.032,0.4682,4.0418,162.0978,15.1933,16.1486,100.7016
2014-05-28,22.3771,39.9968,0.4741,4.0131,160.7288,15.124,16.2936,100.492
2014-05-29,22.5636,40.1238,0.4747,4.0355,160.7186,15.1433,16.5142,100.555
2014-05-30,22.74,40.7692,0.4744,4.0011,159.7616,15.1384,16.4552,101.1827
2014-06-02,22.4353,40.8604,0.4726,3.9734,159.1595,15.1995,16.4247,101.859
2014-06-03,22.694,40.381,0.4698,3.9436,161.0181,15.2059,16.5794,102.2998
2014-06-04,22.9836,40.17,0.4724,4.0127,162.1231,15.2141,16.7252,102.4981
2014-06-05,23.0699,40.9454,0.4733,4.0613,162.65,15.3668,16.7088,103.0394
2014-06-06,23.1311,41.436,0.4765,4.0861,165.415,15.5684,16.9776,103.0507
2014-06-09,23.2683,41.2346,0.4774,4.0789,166.1526,15.8094,17.0518,103.0584
2014-06-10,23.5601,41.0565,0.4774,4.1854,166.3435,15.8586,17.0367,103.644
2014-06-11,23.5336,40.8733,0.4834,4.256,165.3899,15.6513,16.9378,103.4466
2014-06-12,23.1751,40.5218,0.4867,4.3489,165.9728,15.4943,16.6401,102.6369
2014-06-13,22.8911,41.2475,0.4882,4.31,166.106,15.4449,16.5767,102.4486
2014-06-16,23.0255,41.442,0.4875,4.4014,165.7016,15.2572,16.5991,102.4474
2014-06-17,23.0513,41.6853,0.49,4.4761,167.9175,15.502,16.7119,101.7717
2014-06-18,22.9624,41.4052,0.4886,4.4036,168.9959,15.5759,16.7286,102.3371
2014-06-19,22.9568,41.5191,0.4782,4.3682,169.6206,15.546,16.7954,103.5073
2014-06-20,22.864,41.6303,0.4743,4.1496,170.3173,15.5227,16.7108,104.8874
2014-06-23,22.7304,41.8639,0.4651,3.9688,170.0658,15.5502,16.847,104.7355
2014-06-24,22.7727,41.7285,0.4639,3.9856,169.1027,15.5633,17.0741,104.8317
2014-06-25,22.5539,41.848,0.4621,3.9679,168.4641,15.3978,17.2024,105.5079
2014-06-26,22.5783,41.6269,0.4597,4.0111,167.481,15.3781,17.1472,105.5345
2014-06-27,22.9332,42.1393,0.4596,4.0764,166.9062,15.3473,17.2506,104.9381
2014-06-30,23.236,41.8755,0.4629,4.1795,167.2132,15.3744,17.2876,104.8063
2014-07-01,23.4315,41.9348,0.4681,4.2241,166.9874,15.5649,17.1905,105.6907
2014-07-02,23.3999,41.7274,0.4671,4.3111,167.0398,15.9203,17.2342,105.725
2014-07-03,23.4263,41.7661,0.4711,4.2766,169.2212,16.0783,17.3109,105.6065
2014-07-07,23.8131,41.9981,0.4697,4.272,167.6059,15.9036,17.3341,106.3446
2014-07-08,23.8304,41.8294,0.4629,4.2103,164.8864,15.6319,17.1277,105.7615
2014-07-09,23.8715,41.6912,0.4736,4.2459,164.5162,15.5977,17.3726,106.0166
2014-07-10,23.6726,41.6892,0.4728,4.2873,162.8926,15.4132,17.3003,105.6508
2014-07-11,23.8204,41.8616,0.4756,4.3612,164.4047,15.3677,17.4433,105.1212
2014-07-14,24.1206,42.2466,0.4807,4.5596,166.9679,15.5859,17.5385,105.3324
2014-07-15,23.9456,42.2942,0.4825,4.5531,168.883,15.7641,17.5475,103.6001
2014-07-16,24.0314,43.6477,0.4847,4.6737,170.4732,15.5204,17.7646,102.3513
2014-07-17,23.4466,44.9258,0.4834,4.4447,170.4561,15.2674,17.8959,101.149
2014-07-18,23.5028,44.5499,0.4654,3.7546,170.9788,15.412,17.7312,101.2306
2014-07-21,23.5347,44.7444,0.4632,3.7869,171.234,15.4526,17.7457,101.2617
2014-07-22,23.6073,44.8784,0.4653,3.8167,174.5124,15.5345,17.7914,102.3505
2014-07-23,24.2467,45.0537,0.4545,3.7647,176.5078,15.5617,17.8613,102.256
2014-07-24,24.2248,44.5418,0.4526,3.7412,176.4281,15.6019,17.9352,102.2058
2014-07-25,24.3377,44.4852,0.4465,3.7459,175.3348,15.5907,17.6568,102.0196
2014-07-28,24.6238,44.169,0.4399,3.7358,175.6574,15.5023,17.6081,102.0473
2014-07-29,24.6712,43.921,0.4469,3.797,176.1436,15.4183,17.6892,102.1041
2014-07-30,24.5648,43.5116,0.45,3.8337,176.0372,15.5063,17.4549,102.3175
2014-07-31,24.0323,43.3272,0.4398,3.9007,173.9433,15.3476,17.1226,100.7225
2014-08-01,23.9539,42.9353,0.4407,3.9716,170.7694,15.0338,16.8703,99.8634
2014-08-04,23.9443,43.199,0.4417,3.9805,171.0798,15.0466,17.0306,99.8618
2014-08-05,23.7462,43.0683,0.4426,4.0606,169.7952,15.0419,16.9357,99.892
2014-08-06,23.7652,42.8293,0.4425,4.101,169.9176,15.2381,16.9931,100.4743
2014-08-07,23.7606,43.2069,0.4394,4.137,169.5465,15.2276,16.8885,100.1256
2014-08-08,23.5486,43.1257,0.4687,4.1206,170.8435,15.1072,16.9586,100.6769
2014-08-11,23.9384,43.1992,0.4744,4.0966,172.4602,15.214,17.1747,101.2812
2014-08-12,24.0568,43.4066,0.4709,4.1006,172.2211,15.2145,17.2823,100.6609
2014-08-13,24.2022,43.9121,0.4749,4.1129,172.2166,15.2467,17.3956,101.6273
2014-08-14,24.3341,44.2194,0.47,4.1258,172.3585,15.2959,17.3647,101.8372
2014-08-15,24.416,44.6461,0.4741,4.1132,172.756,15.2531,17.3045,101.4506
2014-08-18,24.7361,44.953,0.4808,4.1976,174.103,15.4107,17.4566,102.399
2014-08-19,25.0331,45.1244,0.4852,4.2744,174.3252,15.5136,17.3876,102.6709
2014-08-20,25.1537,45.0539,0.4821,4.275,173.6241,15.4802,17.3477,103.0633
2014-08-21,25.1381,45.135,0.478,4.2377,174.6804,15.9461,17.4282,104.2134
2014-08-22,25.2689,45.2277,0.478,4.2519,175.8929,16.1697,17.2088,103.4097
2014-08-25,25.4424,45.2294,0.4789,4.2087,178.4793,16.3302,17.2347,103.2845
2014-08-26,25.2805,45.0947,0.4834,4.1756,178.3259,16.379,17.2588,103.428
2014-08-27,25.4441,44.8584,0.4823,4.1656,177.6473,16.2473,17.3308,103.142
2014-08-28,25.5872,44.8026,0.4825,4.14,177.0549,16.0417,17.3586,102.9364
2014-08-29,25.6281,45.2302,0.4847,4.1643,178.8196,16.0702,17.4321,103.5265
2014-09-02,25.8266,45.0036,0.4856,4.1831,179.4822,16.1724,17.5628,103.2736
2014-09-03,25.0003,44.9117,0.4916,4.195,180.4333,16.1294,17.5767,103.8051
2014-09-04,24.7488,45.121,0.5001,4.1918,180.4198,16.1763,17.3786,103.8836
2014-09-05,24.7138,45.6305,0.499,4.1594,179.0203,15.9891,17.1152,104.0633
2014-09-08,24.6579,46.4818,0.4955,4.1425,180.2465,16.307,16.7764,104.1138
2014-09-09,24.9332,46.7274,0.4916,4.1119,177.5905,16.1872,16.6888,103.8297
2014-09-10,24.8879,46.7644,0.4887,4.0582,179.3667,16.2854,16.6499,104.8703
2014-09-11,25.1144,46.6919,0.484,4.0641,180.6916,16.5275,16.6118,104.5234
2014-09-12,25.4189,46.7103,0.48,4.0123,182.7564,16.7443,16.587,104.4537
2014-09-15,25.5335,46.2843,0.4726,3.9344,183.6161,16.7703,16.5053,104.7077
2014-09-16,25.0553,46.621,0.4769,3.8408,183.8833,16.7351,16.4272,105.4321
2014-09-17,25.3257,46.5044,0.4793,3.8398,184.7185,16.8043,16.5784,106.1723
2014-09-18,25.4946,46.6424,0.4843,3.8861,187.611,17.0476,16.5685,107.0384
2014-09-19,25.4172,47.3428,0.4791,3.8464,187.1082,17.0169,16.6758,108.0298
2014-09-22,25.2926,47.1269,0.4737,3.7739,185.8222,17.0802,16.4358,107.9149
2014-09-23,25.5715,46.7326,0.4724,3.7167,185.7982,17.1109,16.2383,107.664
2014-09-24,25.4694,46.8181,0.4721,3.7136,186.6117,17.0703,16.3509,108.3309
2014-09-25,24.6901,46.3328,0.4658,3.6435,184.4616,16.9394,16.2322,107.4569
2014-09-26,24.9736,46.2656,0.4646,3.6269,184.6266,16.9801,16.29,106.9743
2014-09-29,24.9605,46.2739,0.4626,3.5904,183.5627,16.9761,15.6183,106.375
2014-09-30,25.2512,46.2838,0.4608,3.4648,183.7347,17.0546,14.767,106.7396
2014-10-01,24.8865,46.0993,0.4597,3.3687,180.9836,16.9309,14.6385,104.5521
2014-10-02,24.8188,45.8634,0.4534,3.3577,182.0243,16.8444,14.5377,103.9257
2014-10-03,24.9318,46.02,0.4591,3.4183,187.3583,17.2158,14.5972,104.7639
2014-10-06,24.9937,46.1262,0.4543,3.3699,188.0686,17.3126,14.5653,105.0326
2014-10-07,24.8676,45.6521,0.451,3.3165,184.859,17.0383,14.241,103.0564
2014-10-08,24.9642,46.3263,0.4522,3.2239,185.0947,16.9171,13.9336,103.8596
2014-10-09,25.3656,46.1206,0.449,3.0186,181.9899,16.7578,13.9241,102.7943
2014-10-10,25.3292,44.8225,0.429,2.7889,181.0424,16.58,13.7626,101.8299
2014-10-13,25.1987,43.9849,0.4254,2.7535,180.4533,16.5308,13.6555,100.1784
2014-10-14,24.8842,43.9143,0.4315,2.6748,179.629,16.5047,13.7656,97.7744
2014-10-15,24.3346,42.7573,0.4296,2.6122,174.9397,15.8035,13.4702,97.5646
2014-10-16,24.1153,42.6674,0.4366,2.626,173.4812,15.972,13.8155,97.059
2014-10-17,24.473,43.473,0.4394,2.7356,176.5639,16.2741,14.1183,98.4145
2014-10-20,24.8829,43.6957,0.4396,2.6707,177.4669,16.2351,14.0861,98.7622
2014-10-21,25.5492,44.7317,0.4521,2.7322,179.4891,16.4887,14.1841,99.9031
2014-10-22,25.8361,44.5577,0.4518,2.6938,178.2075,16.5071,14.1931,101.3236
2014-10-23,26.175,45.0928,0.4566,2.6849,179.9024,16.6346,14.4024,102.5553
2014-10-24,26.2521,45.9046,0.4613,2.7026,182.6478,16.6517,13.834,102.86
2014-10-27,26.286,45.9125,0.4609,2.6756,183.4555,16.5737,13.778,103.9227
2014-10-28,26.5905,46.1712,0.4689,2.7118,184.7464,16.7202,14.0303,104.3118
2014-10-29,26.7637,46.5256,0.4693,2.7734,186.1303,16.8862,13.9111,105.1465
2014-10-30,26.6935,46.0283,0.466,2.7432,186.4518,16.9957,13.8508,106.0563
2014-10-31,26.9315,46.8123,0.4847,2.7939,189.5556,17.1557,14.1025,107.5826
2014-11-03,27.3289,47.2741,0.4971,2.8718,190.9044,17.2591,13.984,107.3032
2014-11-04,27.171,47.5175,0.5009,2.8104,190.1154,17.1385,13.9226,108.3826
2014-11-05,27.204,47.6719,0.5033,2.8009,189.9962,17.3041,13.9617,108.5803
2014-11-06,27.1019,48.4516,0.5026,2.7637,190.8216,17.3389,14.112,108.9124
2014-11-07,27.2344,48.5227,0.4966,2.7823,190.4079,17.3183,14.1817,108.3071
2014-11-10,27.2524,48.8469,0.4992,2.7664,191.5038,17.3528,14.0089,108.3018
2014-11-11,27.2618,48.8146,0.4943,2.7373,191.7814,17.3596,14.2693,108.8943
2014-11-12,27.6903,48.7926,0.489,2.6948,190.0067,17.2168,14.5192,108.7418
2014-11-13,28.1892,49.3736,0.4887,2.6816,190.0187,17.2059,14.9547,108.9611
2014-11-14,28.4452,49.676,0.4919,2.6426,189.9867,17.1583,15.1257,108.3308
2014-11-17,28.5568,49.426,0.4932,2.6495,190.1946,17.0753,15.44,108.3168
2014-11-18,28.7558,48.9187,0.5019,2.6637,189.927,17.154,15.4758,108.8659
2014-11-19,28.6721,48.1851,0.4993,2.6287,189.2318,17.0529,15.3969,108.4724
2014-11-20,29.0404,48.3958,0.5055,2.6901,189.0609,16.9744,15.4911,108.1203
2014-11-21,29.147,48.2191,0.5111,2.746,190.1925,17.1273,15.4762,107.9567
2014-11-24,29.4789,47.6843,0.5136,2.8327,190.096,17.1805,15.6152,107.0998
2014-11-25,29.6381,47.6599,0.5151,2.804,189.1343,17.1304,15.7209,106.8825
2014-11-26,29.6686,47.6557,0.5193,2.814,188.3507,17.0817,15.6079,107.0622
2014-11-28,29.6962,47.9264,0.524,2.7918,188.6568,17.0774,15.6602,108.2625
2014-12-01,28.8935,48.4646,0.5176,2.6972,187.2637,16.8111,15.7874,108.244
2014-12-02,28.6391,48.5088,0.5125,2.664,190.1743,17.0643,15.8374,108.2728
2014-12-03,28.9401,48.1552,0.5259,2.7604,191.0983,17.2406,16.0408,108.1301
2014-12-04,29.0227,48.8355,0.5244,2.687,191.3731,17.2215,15.8473,107.7024
2014-12-05,28.8578,48.5463,0.5266,2.6791,195.4147,17.6062,15.7648,108.221
2014-12-08,28.2288,47.8597,0.5224,2.591,196.6278,17.6921,15.4797,108.6086
2014-12-09,28.019,47.5591,0.5155,2.539,195.7402,17.3873,15.2677,107.6088
2014-12-10,28.2284,47.0768,0.5114,2.4984,192.9006,17.5151,15.2326,106.8648
2014-12-11,28.184,47.2868,0.5094,2.4992,194.0824,17.5504,15.2505,106.7656
2014-12-12,27.6122,47.2339,0.4966,2.4715,189.4147,17.2689,15.0991,105.161
2014-12-15,27.2657,46.9398,0.4933,2.5057,186.7619,16.9388,14.4476,104.0113
2014-12-16,26.9761,45.6963,0.4885,2.4808,184.5246,16.9031,14.233,103.6079
2014-12-17,27.0481,45.476,0.4955,2.5293,185.4201,17.0777,14.3718,103.5836
2014-12-18,27.9244,47.1399,0.5054,2.5601,190.19,17.4387,14.7021,105.8962
2014-12-19,28.0231,47.6534,0.5093,2.5595,193.3117,17.6159,14.9479,105.9652
2014-12-22,28.2047,47.9351,0.5164,2.625,194.0414,17.6795,15.1299,106.4722
2014-12-23,28.1922,48.546,0.5204,2.6822,195.5254,17.9169,15.3672,104.5633
2014-12-24,28.0448,48.244,0.5155,2.6657,195.9919,18.0191,15.2997,104.8664
2014-12-26,28.3941,47.9587,0.515,2.6677,195.8989,18.0037,15.4254,105.1709
2014-12-29,28.558,47.4491,0.5148,2.6513,196.3092,18.1049,15.5652,105.3601
2014-12-30,28.2152,47.1522,0.5103,2.6503,195.7673,18.1137,15.5134,105.4358
2014-12-31,27.8396,46.7765,0.5048,2.6755,195.0819,18.0002,15.5463,105.2041
2015-01-02,27.283,46.8425,0.5014,2.6881,194.0443,17.8582,15.3266,104.6245
2015-01-05,26.6954,46.4046,0.4965,2.6625,189.3223,17.4312,14.799,104.1062
2015-01-06,26.5291,46.0608,0.4846,2.6074,185.4102,16.9862,14.6027,103.7156
2015-01-07,26.9124,46.0776,0.4804,2.5738,187.0054,16.9989,14.9601,105.0856
2015-01-08,27.763,47.4783,0.4958,2.611,190.0902,17.2377,15.3867,106.2466
2015-01-09,27.955,47.3147,0.4968,2.6142,187.951,17.0456,15.2161,105.1967
2015-01-12,27.4835,46.6994,0.4925,2.6001,185.2218,16.755,15.2221,104.8497
2015-01-13,27.7718,46.9726,0.4965,2.6428,186.0669,16.5805,15.2908,105.2388
2015-01-14,27.3653,45.947,0.4917,2.6121,180.2801,15.9947,14.9946,103.8783
2015-01-15,26.9197,45.6588,0.4939,2.5362,179.1097,15.4279,14.9088,102.6294
2015-01-16,26.5258,45.8399,0.4959,2.4359,176.4431,15.2019,14.9431,103.3159
2015-01-20,26.9486,46.1599,0.4993,2.2677,175.6306,15.3431,14.9217,100.9997
2015-01-21,27.4588,45.8327,0.5054,2.3467,176.5,15.3936,14.999,101.4873
2015-01-22,27.8581,46.7552,0.512,2.4531,181.2553,15.9424,15.0162,103.055
2015-01-23,28.187,47.1166,0.5167,2.4547,181.6346,15.8826,14.9532,102.3347
2015-01-26,28.3717,46.6059,0.5152,2.5719,180.0321,15.8259,15.0708,102.0009
2015-01-27,27.8568,42.6715,0.4975,2.728,177.1998,15.616,14.855,101.8332
2015-01-28,29.2478,41.9776,0.4891,2.6548,175.6384,15.389,14.5929,102.2555
2015-01-29,29.4023,41.4486,0.4893,2.5874,174.8653,15.3566,14.6466,101.6116
2015-01-30,29.6907,40.8281,0.4836,2.5594,173.5576,15.2482,14.7598,100.7776
2015-02-02,29.3979,40.7948,0.4845,2.6833,173.8077,15.3024,15.0452,100.2136
2015-02-03,29.6057,41.3556,0.4997,2.7623,179.0635,15.7933,15.6187,101.9126
2015-02-04,29.9432,41.7743,0.5046,2.8313,179.6381,15.8899,15.84,101.5298
2015-02-05,29.951,42.3742,0.5087,3.2057,180.7175,16.0031,15.8555,102.2921
2015-02-06,29.8783,42.4401,0.5118,3.0831,183.4633,16.5546,15.8916,101.5562
2015-02-09,29.8369,42.4448,0.5084,3.004,182.1569,16.4039,15.9256,99.8959
2015-02-10,30.3448,42.5356,0.5182,3.0543,183.9741,16.4404,16.0599,100.0561
2015-02-11,31.0185,42.3744,0.5215,3.0527,186.5595,16.3094,16.1801,100.2823
2015-02-12,31.6428,42.8583,0.5572,3.1142,189.5228,16.6052,16.3721,98.5733
2015-02-13,31.6216,43.5231,0.5541,3.1402,189.6152,16.6498,16.2841,99.1906
2015-02-17,31.9788,43.4287,0.5584,3.1219,189.5772,16.5381,16.1363,99.9536
2015-02-18,32.0264,43.5339,0.5546,3.0894,189.0099,16.3692,16.2231,99.8321
2015-02-19,32.169,43.3463,0.5545,3.0491,188.8942,16.2295,16.3914,100.5153
2015-02-20,32.2149,43.6414,0.5556,3.0747,189.8562,16.2606,16.3894,99.9601
2015-02-23,32.9193,43.9708,0.5536,3.0644,189.9987,16.1757,16.3847,100.3343
2015-02-24,33.1255,44.1113,0.555,3.0693,192.099,16.4196,16.3479,100.5765
2015-02-25,32.49,43.9455,0.5544,3.1095,191.5259,16.4247,16.5203,100.6339
2015-02-26,32.2584,44.0416,0.5546,3.0881,191.4775,16.1135,16.456,102.49
2015-02-27,32.3212,43.8275,0.552,3.1083,190.8524,15.7751,16.332,102.7276
2015-03-02,32.2999,43.8844,0.5625,3.1817,191.238,15.9451,16.5112,103.1714
2015-03-03,32.2291,43.326,0.5568,3.1755,191.3149,16.0557,16.1563,102.3171
2015-03-04,32.2013,43.0489,0.5578,3.0453,189.8404,15.8551,16.0218,101.6538
2015-03-05,31.7272,43.1065,0.5683,3.0037,189.9183,15.9668,16.1464,102.5476
2015-03-06,31.9437,42.4638,0.5658,2.9007,188.2844,16.3796,16.0171,100.4864
2015-03-09,31.8887,42.717,0.5661,2.9426,187.782,16.2077,16.0462,100.4302
2015-03-10,31.2691,42.2512,0.5742,2.9401,183.9364,15.9048,15.7508,99.8368
2015-03-11,30.7556,42.0392,0.5753,2.8582,184.5699,16.0424,15.775,98.5932
2015-03-12,30.9799,41.1902,0.5644,2.7435,188.6377,16.0428,16.0977,99.7406
2015-03-13,30.937,41.0263,0.5625,2.7405,188.0255,16.0492,16.1617,99.2677
2015-03-16,31.0623,41.4622,0.5738,2.7756,191.719,16.0846,16.4099,100.8086
2015-03-17,31.6846,41.5092,0.5764,2.7672,190.198,16.0363,16.4176,99.8156
2015-03-18,31.9773,42.2258,0.5758,2.7596,191.4112,15.996,16.2871,100.732
2015-03-19,32.0232,42.3941,0.579,2.7602,190.1723,15.7076,16.3566,101.6592
2015-03-20,31.8107,42.7846,0.586,2.7861,192.3252,15.8153,16.4635,102.276
2015-03-23,31.8045,42.9493,0.5704,2.8305,193.0165,15.763,16.6379,102.9801
2015-03-24,31.8086,43.0159,0.5618,2.7877,191.667,15.6899,16.5668,102.3766
2015-03-25,31.2089,41.8677,0.5341,2.6365,188.3426,15.4922,16.2922,101.1329
2015-03-26,31.0089,41.2621,0.5218,2.6389,186.8499,15.4263,16.0335,100.1336
2015-03-27,30.904,40.9993,0.5287,2.6929,187.6179,15.3158,15.9825,100.5058
2015-03-30,31.3717,41.1701,0.5355,2.686,191.2518,15.5318,16.1938,101.5502
2015-03-31,31.2922,40.7341,0.5269,2.6669,188.947,15.4341,16.2058,100.8451
2015-04-01,31.0051,40.5977,0.5234,2.697,190.4036,15.3757,15.9116,99.0006
2015-04-02,31.2176,40.3318,0.5263,2.6703,191.6899,15.5392,15.9857,99.6256
2015-04-06,31.6855,41.2434,0.5372,2.7016,191.5041,15.5011,16.0481,99.1213
2015-04-07,31.749,41.6683,0.5472,2.7109,192.9702,15.5311,15.8854,100.3683
2015-04-08,31.4025,41.335,0.5474,2.7154,193.0533,15.6544,16.0186,100.0924
2015-04-09,31.4199,41.48,0.5598,2.73,194.064,15.6459,15.9289,101.1426
2015-04-10,31.6333,41.7297,0.5658,2.7481,195.2003,15.7234,16.0114,101.8062
2015-04-13,31.8776,41.8022,0.5647,2.7697,196.0948,15.8085,15.9598,101.1348
2015-04-14,31.6053,41.6153,0.5586,2.6891,197.2732,15.8091,15.9864,100.7171
2015-04-15,31.6311,42.1348,0.5642,2.7029,200.2396,15.7038,16.0471,100.702
2015-04-16,31.6237,42.1129,0.5622,2.828,200.4603,15.8144,15.9684,99.9445
2015-04-17,31.2783,41.4796,0.5555,2.4992,197.1204,15.5699,15.7766,99.5112
2015-04-20,31.7892,42.743,0.5551,2.471,198.6739,15.6082,15.8721,100.4044
2015-04-21,31.789,42.735,0.5522,2.3858,197.8129,15.5348,15.8157,100.5088
2015-04-22,31.9222,42.9435,0.5551,2.2871,198.2327,15.6928,15.8405,100.4635
2015-04-23,32.3857,43.3462,0.5528,2.3203,199.4804,15.7316,15.7958,100.4545
2015-04-24,32.4963,47.0166,0.5498,2.3278,198.0568,15.6555,15.7657,101.1176
2015-04-27,33.1602,47.7587,0.5566,2.3329,197.5887,15.6188,15.9166,100.8192
2015-04-28,32.9308,48.8798,0.5543,2.3264,196.7206,15.612,15.9052,100.3815
2015-04-29,32.3533,48.9,0.5555,2.2943,198.3963,15.9188,15.998,100.3012
2015-04-30,31.4748,48.9489,0.5537,2.2717,197.3065,15.9243,15.8443,99.4813
2015-05-01,31.797,48.6526,0.5659,2.2737,197.5304,16.0605,15.7813,99.9997
2015-05-04,32.3382,48.4417,0.566,2.3298,198.8067,16.3231,15.8133,100.3168
2015-05-05,31.6465,47.7818,0.5537,2.2877,198.4802,16.4687,15.6203,99.5862
2015-05-06,31.1441,46.5436,0.5497,2.2676,195.7588,16.2697,15.5086,98.9405
2015-05-07,31.324,46.773,0.5577,2.2934,196.9209,16.2321,15.4523,99.5541
2015-05-08,31.7858,47.7385,0.5243,2.322,200.5163,16.3644,15.6594,101.3624
2015-05-11,31.6104,47.5868,0.5159,2.3302,201.5426,16.5251,15.7189,101.2052
2015-05-12,31.4683,47.18,0.5205,2.3327,199.9344,16.4115,15.5719,100.5655
2015-05-13,31.6226,47.9076,0.5229,2.3673,201.0408,16.4513,15.4596,100.6334
2015-05-14,32.0576,48.5903,0.5315,2.3538,202.2457,16.5128,15.3066,101.5473
2015-05-15,32.1723,48.3562,0.533,2.3456,202.5091,16.3765,15.4034,102.0446
2015-05-18,32.4842,47.9003,0.5321,2.344,204.3859,16.4912,15.5603,103.5546
2015-05-19,32.5679,47.4352,0.5277,2.3088,205.3576,16.7257,15.5123,103.7933
2015-05-20,32.5342,47.5679,0.5278,2.306,205.034,16.7524,15.3276,103.8243
2015-05-21,32.77,47.3614,0.5241,2.3121,204.798,16.6803,15.4486,102.6762
2015-05-22,33.1286,47.0315,0.5225,2.2867,207.1499,16.7665,15.3285,101.6799
2015-05-26,32.5921,46.4722,0.5173,2.2428,206.1181,16.5216,15.2137,101.003
2015-05-27,32.8912,47.4444,0.5388,2.2584,208.5633,16.6673,15.3005,101.137
2015-05-28,32.8961,47.5754,0.552,2.2932,208.1767,16.6392,15.2816,101.1083
2015-05-29,32.6581,46.9659,0.5547,2.2823,206.5698,16.5303,15.2456,100.5687
2015-06-01,32.6596,47.2274,0.5594,2.2709,207.8014,16.5536,15.3382,100.0814
2015-06-02,32.5094,47.0037,0.5526,2.2824,206.7423,16.6703,15.3096,99.814
2015-06-03,32.5938,47.1896,0.547,2.3,208.8695,16.9103,15.1969,100.1733
2015-06-04,32.4026,46.5269,0.5505,2.2955,208.9528,16.83,15.0777,99.48
2015-06-05,32.2138,46.2152,0.555,2.3226,210.2288,17.1804,14.8568,98.5727
2015-06-08,32.0099,45.9444,0.5454,2.3074,210.1723,17.129,14.9235,98.2595
2015-06-09,31.7154,45.69,0.5472,2.3236,209.3052,17.2331,14.9237,98.1978
2015-06-10,32.2074,46.5286,0.5382,2.3284,212.5241,17.5461,15.0201,98.9827
2015-06-11,32.3042,46.4467,0.5428,2.3323,213.9047,17.5397,15.2818,99.2454
2015-06-12,31.903,46.0958,0.5318,2.3157,212.8731,17.4555,15.2641,98.4069
2015-06-15,31.6569,45.3622,0.5255,2.3232,211.5514,17.413,15.0502,97.4523
2015-06-16,31.7986,45.8525,0.5307,2.3504,212.9691,17.4976,14.9885,98.1097
2015-06-17,31.8282,45.8003,0.5387,2.4709,213.2675,17.4443,14.9743,98.6238
2015-06-18,31.9945,46.5669,0.5482,2.5327,214.3764,17.3145,15.1325,100.1762
2015-06-19,31.7574,46.2497,0.5462,2.5379,213.7862,17.2267,15.1448,99.9666
2015-06-22,31.8906,46.3615,0.5456,2.6343,216.282,17.4593,15.1687,100.262
2015-06-23,31.7966,45.8618,0.5321,2.5885,218.1378,17.6525,15.3169,99.7615
2015-06-24,32.1827,45.7998,0.5264,2.6193,214.8959,17.5381,15.5523,99.4459
2015-06-25,32.0557,45.7525,0.5293,2.6007,213.6917,17.4579,15.4721,99.4595
2015-06-26,31.7413,45.393,0.5198,2.4599,213.4692,17.416,15.4203,99.649
2015-06-29,31.3424,44.7131,0.5078,2.3591,208.8957,17.0057,15.0455,98.2716
2015-06-30,31.3756,44.1936,0.5038,2.4002,209.0379,16.993,15.0312,97.6947
2015-07-01,31.6144,44.5621,0.5118,2.4194,210.0771,17.2029,14.9341,98.3212
2015-07-02,31.5538,44.3302,0.5102,2.5266,209.3201,17.0189,14.8996,98.6081
2015-07-06,31.414,44.2651,0.506,2.4591,207.4811,16.8806,14.7895,98.0631
2015-07-07,31.2502,43.9371,0.4881,2.0796,205.985,16.5497,14.7279,98.3568
2015-07-08,30.8647,44.4224,0.4914,2.0208,205.0046,16.3635,14.4662,98.0943
2015-07-09,30.4088,44.8393,0.4874,1.9762,205.5767,16.5353,14.3993,98.863
2015-07-10,30.7048,44.839,0.4951,1.9678,207.0872,16.7257,14.4657,99.472
2015-07-13,31.3053,45.4808,0.4963,1.9665,209.668,16.9751,14.5706,100.1579
2015-07-14,31.435,45.6847,0.4957,2.03,211.8984,17.0813,14.755,99.4699
2015-07-15,31.6488,45.7559,0.4937,2.0087,212.5151,17.6634,14.7248,100.5204
2015-07-16,32.0126,46.4148,0.5022,1.9266,210.6737,17.9726,14.5919,101.1155
2015-07-17,32.2841,46.5261,0.4995,1.8017,211.3343,18.0739,14.6003,100.1733
2015-07-20,32.9995,46.7878,0.4955,1.7986,212.5765,18.1621,14.5853,100.3759
2015-07-21,32.2446,46.8583,0.4968,1.803,211.3971,18.0818,14.4907,100.3381
2015-07-22,31.0335,45.8326,0.4854,1.7767,212.8286,18.3106,14.403,100.078
2015-07-23,31.5132,45.9295,0.4917,1.7678,212.2515,18.2323,14.7087,100.2051
2015-07-24,31.1938,46.0016,0.4866,1.6845,208.4038,18.0367,14.465,99.3906
2015-07-27,30.7187,45.5238,0.4837,1.636,204.8212,17.6722,14.4572,98.293
2015-07-28,30.8286,45.3103,0.49,1.7165,205.6029,17.7857,14.8154,98.9141
2015-07-29,30.7081,46.2577,0.4978,1.9033,207.0336,18.0997,15.1036,99.7342
2015-07-30,30.5462,46.7837,0.5012,1.9244,206.7028,18.1436,15.0757,99.7009
2015-07-31,30.3531,46.8074,0.4987,1.947,205.7224,17.9531,14.8858,100.191
2015-08-03,29.8545,46.7115,0.5039,2.0973,204.2132,17.76,14.9545,99.7547
2015-08-04,28.7645,47.4527,0.5077,2.1335,205.6864,17.8097,14.9161,100.0548
2015-08-05,28.8564,47.8563,0.5166,2.1687,206.4337,17.9168,14.8327,100.5939
2015-08-06,28.7513,46.7341,0.5131,2.1321,205.3836,17.8501,14.7598,99.4713
2015-08-07,28.8333,46.5554,0.5668,2.0912,203.6229,17.8105,14.8172,98.591
2015-08-10,29.7052,47.3008,0.588,1.9065,205.8119,17.9938,14.9576,99.7265
2015-08-11,28.7677,46.3687,0.5924,1.8982,201.8329,17.8164,14.682,98.9909
2015-08-12,28.2293,46.3421,0.5911,1.8921,198.9333,17.3437,14.5413,98.1793
2015-08-13,28.8964,46.7905,0.5913,1.8405,200.8276,17.5947,14.7235,98.5635
2015-08-14,28.8249,46.868,0.5884,1.8297,201.9373,17.6295,14.7779,98.4897
2015-08-17,29.2368,47.1533,0.583,1.8267,201.9419,17.6974,14.6543,99.3844
2015-08-18,29.1815,47.1583,0.5765,1.7828,201.6845,17.7425,14.7846,99.337
2015-08-19,28.8515,46.6701,0.5738,1.7867,200.5931,17.5355,14.8373,99.2495
2015-08-20,28.188,45.9064,0.5588,1.7324,197.8783,16.8754,14.5278,99.3484
2015-08-21,27.0711,44.1085,0.5449,1.7449,190.8985,16.3445,14.0502,96.8359
2015-08-24,25.8019,42.0631,0.5278,1.7383,181.1895,15.5074,12.9641,92.0998
2015-08-25,26.8974,41.9159,0.5197,1.743,183.47,15.8312,13.3053,93.422
2015-08-26,26.8374,41.7595,0.5335,1.6911,181.9994,15.7301,13.0766,93.4401
2015-08-27,27.9768,43.5826,0.5586,1.7887,187.8997,16.3008,13.4817,95.7082
2015-08-28,28.14,43.8088,0.5668,1.8297,187.4885,16.3174,13.7099,95.0893
2015-08-31,28.2791,43.5112,0.5643,1.828,188.8623,16.2965,13.8126,94.2544
2015-09-01,27.4527,42.0932,0.5444,1.7515,182.9304,15.7186,13.8487,92.0528
2015-09-02,27.6491,42.7092,0.5515,1.7446,184.0248,15.7388,13.7889,93.1448
2015-09-03,27.8285,43.6491,0.5603,1.8043,185.749,15.997,13.904,92.9903
2015-09-04,27.3231,42.5776,0.5483,1.8106,180.3332,15.6548,13.5268,91.2619
2015-09-08,27.9195,43.6891,0.564,1.8655,185.0553,16.0229,13.6427,93.4103
2015-09-09,28.0121,43.5211,0.5608,1.8926,187.8163,16.1289,13.6323,93.2048
2015-09-10,28.0114,43.2747,0.5634,1.8484,186.2299,15.9897,13.63,92.5593
2015-09-11,28.2691,43.3501,0.5648,1.9674,184.6261,15.982,13.6428,92.5375
2015-09-14,28.9408,43.0145,0.5672,1.8695,184.1589,15.9756,13.7143,93.3777
2015-09-15,28.9621,43.8924,0.5736,1.8476,186.9561,16.2468,14.195,94.094
2015-09-16,29.0225,44.1713,0.5769,1.8749,188.2695,16.2802,14.6148,94.4553
2015-09-17,28.8125,44.4385,0.5869,1.898,188.1869,16.1289,14.6234,94.9807
2015-09-18,28.3392,43.5497,0.5809,1.8717,181.7411,15.5723,14.331,93.9453
2015-09-21,28.6616,44.1359,0.5855,1.8505,183.0283,15.6778,14.311,93.2634
2015-09-22,28.3187,43.6643,0.5736,1.744,179.1991,15.5187,13.8518,92.7169
2015-09-23,28.5116,43.8832,0.5748,1.7208,178.9092,15.7153,13.6498,92.9865
2015-09-24,28.4649,43.7018,0.5797,1.6857,176.2186,15.5062,13.5296,92.3463
2015-09-25,28.8291,44.3021,0.5948,1.7114,179.6114,15.9151,13.6306,91.7544
2015-09-28,28.2812,43.6007,0.5846,1.6708,174.0157,15.5357,13.207,91.061
2015-09-29,27.6516,43.3907,0.5891,1.6628,170.5485,15.3764,13.1045,92.9647
2015-09-30,27.5039,44.0727,0.6111,1.7111,173.7138,15.4847,13.4484,93.382
2015-10-01,27.1014,44.2728,0.5982,1.7438,175.016,15.4997,13.6058,92.6771
2015-10-02,27.3454,44.9139,0.6106,1.7881,173.7764,14.9868,13.8215,93.2018
2015-10-05,27.5329,46.5269,0.6354,1.8328,179.9436,15.6608,14.1511,94.5402
2015-10-06,27.7148,46.8106,0.6401,1.8363,180.337,15.6911,14.3314,93.4842
2015-10-07,27.6131,46.5879,0.6463,1.851,182.1703,15.7392,14.6568,94.7841
2015-10-08,27.2784,47.0404,0.6462,1.9019,180.961,15.6315,14.9044,94.5485
2015-10-09,27.8585,47.1626,0.6503,1.9439,179.6286,15.6297,14.9363,95.305
2015-10-12,27.9818,46.8793,0.6568,1.8967,179.8817,15.5045,14.9356,95.9756
2015-10-13,27.947,46.8819,0.6605,1.9129,181.6833,15.4972,14.9859,95.5225
2015-10-14,27.5753,46.7858,0.6805,1.9496,180.2032,15.7272,14.9643,94.6351
2015-10-15,27.8665,46.8349,0.6863,2.019,181.6931,16.0401,15.1498,96.3907
2015-10-16,27.8031,47.2806,0.6949,1.9327,185.229,16.1445,15.2225,97.9735
2015-10-19,27.7898,47.529,0.694,1.9712,185.3673,16.1497,15.2734,97.7774
2015-10-20,28.306,47.5819,0.6929,2.0051,184.9211,16.2133,15.4542,97.5609
2015-10-21,28.6243,47.5643,0.6913,2.0774,182.0501,16.0744,15.522,97.5994
2015-10-22,28.7413,48.3964,0.7064,2.1413,182.7918,16.1371,15.5644,98.9043
2015-10-23,29.5725,53.154,0.7133,2.1708,185.43,16.4503,15.6401,100.2294
2015-10-26,28.9653,53.6263,0.7106,2.1648,187.208,16.457,15.6865,99.7861
2015-10-27,28.8502,53.9345,0.7113,2.1291,185.9598,16.3789,14.9664,100.1691
2015-10-28,29.3904,53.3662,0.7127,2.1703,189.4571,16.9666,14.8772,99.8906
2015-10-29,29.8853,53.4692,0.697,2.1397,190.2298,17.1825,14.7244,100.9657
2015-10-30,30.0717,53.2433,0.7078,2.1277,188.3274,16.8822,14.8168,101.5549
2015-11-02,30.1802,53.098,0.7152,2.1679,189.3019,17.0525,14.7859,102.0125
2015-11-03,30.6235,53.8927,0.7107,2.2436,191.0805,17.1595,14.8031,101.8522
2015-11-04,30.6254,54.3877,0.705,2.223,191.5376,17.1162,14.7137,101.9945
2015-11-05,30.3027,54.3448,0.7008,2.2084,191.9281,17.2807,14.5756,102.034
2015-11-06,30.2903,54.5941,0.7845,2.1672,198.1199,17.9359,14.4895,101.4551
2015-11-09,30.1929,54.1299,0.7811,2.126,197.4618,17.7914,14.3409,100.872
2015-11-10,29.2681,53.5324,0.7652,2.0397,197.0114,17.7905,14.2282,101.2148
2015-11-11,29.0752,53.7948,0.7658,2.0526,197.7024,17.7974,14.2987,102.0282
2015-11-12,29.0077,53.5039,0.7622,2.0227,193.4688,17.4767,14.1284,100.7681
2015-11-13,28.3596,52.905,0.7489,1.9867,191.085,17.1857,13.9616,100.0845
2015-11-16,28.3105,53.5231,0.7555,1.9833,191.317,17.2357,13.9828,100.7474
2015-11-17,28.5268,53.1593,0.7612,2.0,191.4469,17.4661,14.2127,101.4125
2015-11-18,29.2066,53.5211,0.7677,2.0787,193.0396,17.7159,14.3639,102.0542
2015-11-19,29.644,54.2555,0.7788,2.1323,193.1356,17.7405,14.5575,102.3786
2015-11-20,29.8403,53.8893,0.786,2.2119,191.9749,17.7053,14.6275,102.449
2015-11-23,29.5837,54.1278,0.7749,2.2141,189.7841,17.5928,14.5986,102.767
2015-11-24,29.6536,54.0993,0.7789,2.3152,188.2754,17.4222,14.4958,102.0887
2015-11-25,29.5837,53.9554,0.7807,2.3667,189.1532,17.4669,14.5746,102.0994
2015-11-27,29.4814,53.942,0.7829,2.3475,190.2423,17.4428,14.543,102.3529
2015-11-30,29.6567,54.4706,0.7921,2.3131,190.0702,17.4689,14.3721,101.5454
2015-12-01,29.4392,54.8772,0.8137,2.334,192.3473,17.6489,14.4832,102.0811
2015-12-02,29.2878,55.4844,0.8188,2.2791,191.2759,17.71,14.3985,102.3778
2015-12-03,28.8587,54.4758,0.8147,2.2382,187.2771,17.4925,14.0945,100.9832
2015-12-04,29.5468,55.5409,0.8371,2.2652,188.9379,17.6679,14.1592,102.5199
2015-12-07,29.6273,55.6238,0.8305,2.2819,186.28,17.5728,14.1072,103.19
2015-12-08,29.4553,55.69,0.8331,2.3351,183.0201,17.2739,13.956,102.4981
2015-12-09,29.0245,55.1011,0.8214,2.3524,181.528,17.1236,13.9266,102.3032
2015-12-10,29.0422,55.3231,0.8231,2.4314,182.407,17.234,14.0087,102.5859
2015-12-11,28.4255,54.4475,0.8149,2.4062,177.47,16.8411,13.6733,101.6948
2015-12-14,27.8532,54.4696,0.8111,2.3347,175.6733,16.6764,13.5573,101.6254
2015-12-15,27.8835,55.4572,0.8255,2.3874,181.5575,17.2961,13.907,104.0858
2015-12-16,27.5677,55.6222,0.8254,2.4776,184.5506,17.5957,14.2059,104.7209
2015-12-17,27.5197,56.1043,0.8227,2.5678,184.1599,17.4756,14.0694,104.252
2015-12-18,26.7508,54.7954,0.8071,2.4676,177.9878,16.9777,13.8209,102.442
2015-12-21,26.6757,54.679,0.8147,2.4937,177.2126,16.9105,13.7521,101.4657
2015-12-22,26.7829,55.0695,0.8236,2.6874,179.1714,17.0061,14.1485,102.1455
2015-12-23,27.0831,55.716,0.8266,2.8424,182.1,17.2498,14.3317,103.3613
2015-12-24,27.0876,55.7161,0.8288,2.9467,182.5737,17.2976,14.3073,103.5323
2015-12-28,26.7133,55.5383,0.8195,2.9525,181.0378,17.0913,14.2114,103.1754
2015-12-29,27.0909,56.5296,0.8389,3.0121,183.5351,17.2711,14.2314,103.935
2015-12-30,26.9094,56.5313,0.841,2.9755,182.7289,17.1056,14.2026,103.9418
2015-12-31,26.407,55.7052,0.8309,2.9163,181.1166,16.939,14.1082,102.9801
2016-01-04,26.0121,54.1081,0.8071,2.7144,175.7131,16.3828,13.8794,99.9966
2016-01-05,25.854,55.0478,0.826,2.7177,174.0578,16.4084,13.6583,100.9704
2016-01-06,25.2131,54.1024,0.796,2.578,170.5038,16.1227,13.2171,100.2809
2016-01-07,24.5173,52.6096,0.7586,2.3566,166.271,15.6466,12.784,99.2664
2016-01-08,24.4808,52.7149,0.7518,2.1941,165.6099,15.4265,12.7358,98.7497
2016-01-11,24.5347,52.1638,0.7383,2.2604,164.87,15.1832,12.7115,97.3186
2016-01-12,24.9381,52.6181,0.7556,2.3782,165.2943,15.3137,12.7692,97.9236
2016-01-13,24.8368,52.7692,0.7455,2.3005,160.8769,15.0994,12.3525,97.8918
2016-01-14,24.5758,52.6788,0.7113,2.262,160.689,14.978,12.0976,98.6985
2016-01-15,24.1806,51.0326,0.6784,2.0475,155.645,14.427,11.8724,96.9721
2016-01-19,24.2205,50.7292,0.692,1.977,156.7632,14.2932,11.991,97.6455
2016-01-20,23.8052,50.2189,0.678,1.8414,154.2461,13.6106,11.7475,95.8611
2016-01-21,24.1611,50.9041,0.6978,2.0392,153.5338,13.5713,12.0638,95.8051
2016-01-22,25.0119,52.057,0.7107,2.0283,156.057,13.5584,12.1657,96.5759
2016-01-25,25.1018,52.0968,0.7133,2.1131,152.7305,13.125,12.0283,96.7836
2016-01-26,24.93,52.1214,0.715,2.0731,154.5525,13.2499,12.2072,99.9106
2016-01-27,23.7215,51.5844,0.7081,2.1394,155.2354,13.446,11.9244,102.1323
2016-01-28,23.4064,52.1821,0.6971,2.1015,155.909,13.4893,11.6214,102.3201
2016-01-29,24.0677,54.7504,0.7256,2.1654,159.995,13.8691,11.8092,104.1715
2016-02-01,24.0568,54.7799,0.7314,2.1472,159.7612,13.9449,12.006,103.9579
2016-02-02,23.7719,53.4029,0.707,2.0315,152.5072,13.3269,11.6536,103.468
2016-02-03,23.8357,52.1803,0.6997,2.0286,150.6235,12.8074,11.2969,103.2948
2016-02-04,24.0776,51.9384,0.7069,2.1131,155.927,13.3052,11.4674,103.4861
2016-02-05,23.7288,50.4439,0.6704,2.0145,156.9546,13.0677,11.5188,100.6491
2016-02-08,23.5537,48.8689,0.6328,1.9178,148.2017,12.2747,11.4779,101.9422
2016-02-09,23.7159,49.4242,0.6433,1.9305,148.0274,12.2259,11.4159,101.8407
2016-02-10,23.8166,50.0129,0.6421,1.8702,149.484,12.1688,11.4038,102.1506
2016-02-11,23.3968,49.339,0.6304,1.867,141.6798,11.2275,11.1906,101.0837
2016-02-12,23.437,50.2865,0.6365,1.8515,145.1804,11.7133,11.3977,101.3976
2016-02-16,23.9858,50.8352,0.6671,1.8516,148.87,12.2396,11.7264,102.249
2016-02-17,24.3531,52.2595,0.6954,1.9023,150.9827,12.5702,12.2312,102.5092
2016-02-18,24.2463,52.4268,0.7573,1.9276,148.435,12.3013,12.2624,103.9938
2016-02-19,24.0555,51.9633,0.7582,1.8854,146.7855,12.1063,12.0919,104.123
2016-02-22,24.102,52.6946,0.7889,1.992,148.943,12.4641,12.4457,104.5659
2016-02-23,23.8191,51.4291,0.7906,2.0128,145.1448,12.1938,12.4951,104.2075
2016-02-24,23.6992,50.9557,0.7828,1.9864,143.3694,11.8946,11.8874,104.1565
2016-02-25,24.0115,51.4452,0.7905,2.0169,147.3512,12.2129,12.2519,105.6086
2016-02-26,24.3077,51.4825,0.7903,2.0629,150.3602,12.7104,12.4996,106.0207
2016-02-29,24.3379,51.0141,0.7911,2.1239,149.3148,12.6519,12.5553,105.4068
2016-03-01,24.9099,51.9827,0.8092,2.1738,153.3068,13.0262,13.0077,106.6666
2016-03-02,25.0535,52.5931,0.8203,2.2826,154.5037,13.3478,13.2179,107.0121
2016-03-03,25.2993,52.1752,0.8136,2.468,154.848,13.4444,13.484,106.2059
2016-03-04,25.6788,51.9874,0.8152,2.4086,157.104,13.6611,13.6404,106.4237
2016-03-07,25.4768,51.0628,0.8063,2.4445,155.3511,13.4965,13.632,106.4297
2016-03-08,25.2835,51.6254,0.7962,2.3498,152.4125,13.172,13.2767,106.3588
2016-03-09,25.2488,52.5806,0.7902,2.2706,150.2701,13.1213,13.1492,106.5742
2016-03-10,25.2782,51.9724,0.7886,2.2249,150.9306,13.2129,13.1033,106.832
2016-03-11,25.4943,52.8275,0.801,2.4509,153.5439,13.6252,13.2644,107.6149
2016-03-14,25.6132,53.1672,0.8064,2.6907,153.4769,13.6279,13.2766,107.7945
2016-03-15,26.1534,53.2887,0.7985,2.5233,151.8359,13.4922,13.1326,107.7934
2016-03-16,26.3845,54.0753,0.8186,2.5611,151.1369,13.4213,13.378,107.3409
2016-03-17,26.4486,54.6552,0.8194,2.7725,152.1543,13.2795,13.5399,106.7727
2016-03-18,26.4907,53.992,0.8464,2.8861,156.7418,13.7595,13.6212,107.3915
2016-03-21,26.5527,53.5906,0.8426,2.8006,156.7005,13.8381,13.6577,107.1859
2016-03-22,26.6878,53.9582,0.8472,2.7919,154.3156,13.7569,13.6183,107.3126
2016-03-23,26.6191,53.9597,0.8601,2.7197,154.5006,13.6915,13.3531,108.3324
2016-03-24,26.373,54.1322,0.86,2.7396,151.6936,13.527,12.9705,108.1372
2016-03-28,26.3628,53.6282,0.8695,2.7916,153.7391,13.6278,13.1143,108.3828
2016-03-29,26.7302,54.4735,0.8789,2.8167,153.8147,13.3447,13.0882,108.7907
2016-03-30,27.392,55.213,0.8968,2.9153,156.3034,13.5313,13.3341,109.1808
2016-03-31,27.3157,55.2359,0.8915,2.8455,157.0071,13.5721,13.4495,108.3396
2016-04-01,27.3631,55.2567,0.8986,2.835,158.7507,13.5488,13.1238,108.4645
2016-04-04,27.8459,55.3509,0.9001,2.8379,158.2407,13.5437,12.8437,108.5119
2016-04-05,27.5057,54.7891,0.8959,2.7772,155.7947,13.2302,12.7623,109.1688
2016-04-06,27.5368,54.7868,0.8868,2.7687,155.1467,13.2214,12.787,109.0018
2016-04-07,27.2877,54.5022,0.8884,2.6805,151.1185,12.9382,12.5693,109.1037
2016-04-08,27.2359,54.6684,0.8914,2.7302,151.3349,12.9914,12.6325,108.9666
2016-04-11,27.4454,54.7521,0.9012,2.7793,152.4018,12.999,12.7019,109.0352
2016-04-12,27.4453,54.344,0.8922,2.8125,153.731,13.1669,12.7664,109.6867
2016-04-13,27.9635,55.1741,0.9117,2.7821,159.2007,13.7316,13.0508,109.7843
2016-04-14,27.9758,55.3603,0.9198,2.7409,161.0606,14.0655,13.0919,109.9119
2016-04-15,27.6704,55.6009,0.9281,2.7096,159.3482,14.0628,12.9451,109.9916
2016-04-18,26.9638,56.2804,0.9222,2.7581,158.7683,14.1352,13.1883,110.7538
2016-04-19,26.7455,56.2497,0.9104,2.6851,161.5584,14.4268,13.4127,112.809
2016-04-20,26.8353,55.9348,0.9123,2.6805,165.1191,14.7691,13.5795,113.6379
2016-04-21,26.5066,55.6038,0.9115,2.7336,166.3449,14.9263,13.6891,113.2454
2016-04-22,26.3453,51.7355,0.9086,3.5665,166.5457,15.0399,13.6296,113.1759
2016-04-25,26.2593,51.9203,0.9112,3.5239,164.9431,14.9408,13.5432,113.1074
2016-04-26,25.6341,51.4457,0.9152,3.6621,165.2861,15.0282,13.7235,112.8984
2016-04-27,24.3403,50.8928,0.9237,3.6784,167.0856,15.0836,13.6538,112.8643
2016-04-28,24.0351,50.1266,0.9165,3.7183,165.7187,14.9361,14.0353,112.3935
2016-04-29,23.3665,49.8808,0.8866,3.5326,163.6362,14.5733,13.7026,111.8742
2016-05-02,23.2916,50.2903,0.8981,3.6853,166.1737,14.6587,13.672,112.4581
2016-05-03,23.6715,49.871,0.8882,3.6227,162.6655,14.3256,13.3765,112.6515
2016-05-04,23.6225,49.8604,0.8691,3.6097,160.2084,14.105,13.277,112.2295
2016-05-05,23.2811,49.9677,0.8764,3.7225,159.5932,14.1126,13.3411,112.6812
2016-05-06,23.137,50.0207,0.8783,3.6866,158.4259,14.0155,13.3887,112.5667
2016-05-09,23.2816,50.2241,0.882,3.5648,157.8745,14.0193,13.3629,113.6853
2016-05-10,23.2487,50.7737,0.8953,3.612,160.7542,14.251,13.4641,114.7432
2016-05-11,23.2267,51.2848,0.9033,3.6537,160.8711,14.3022,13.4135,114.4575
2016-05-12,22.627,51.4113,0.8903,3.6033,158.5805,14.1836,13.3243,114.0407
2016-05-13,22.6993,51.4154,1.0032,3.6747,156.9787,14.0465,13.3479,113.6366
2016-05-16,23.3561,51.6219,1.0526,3.7873,155.762,13.9409,13.2955,114.2444
2016-05-17,23.433,50.7229,1.054,3.8521,155.4131,14.007,13.1732,113.7465
2016-05-18,23.6435,50.7758,1.0823,3.901,158.5215,14.5129,13.1948,113.3742
2016-05-19,23.49,50.0871,1.0853,3.764,155.6368,14.5693,13.0813,112.591
2016-05-20,23.7614,50.7752,1.1067,3.8554,155.0569,14.561,13.1901,112.522
2016-05-23,24.1617,50.2044,1.11,4.0427,155.0272,14.5084,13.15,112.2419
2016-05-24,24.4013,51.2503,1.1267,4.0831,157.7662,14.6788,13.2553,112.8253
2016-05-25,24.7834,52.207,1.1291,4.2383,161.2936,14.9997,13.5204,113.3554
2016-05-26,24.9055,51.7399,1.142,4.2946,159.7773,14.7744,13.4685,113.0039
2016-05-27,24.989,52.1507,1.146,4.5164,159.5131,14.8012,13.4589,112.971
2016-05-31,24.9371,52.5914,1.1647,4.5671,159.8242,14.8687,13.4894,112.6461
2016-06-01,24.7475,52.7755,1.1693,4.4398,159.0106,14.7111,13.0926,112.814
2016-06-02,24.3395,52.3068,1.1758,4.1877,159.1765,14.8833,13.2024,114.1218
2016-06-03,24.4758,51.8476,1.1558,4.1485,155.2475,14.3407,12.9929,114.8042
2016-06-06,24.6824,52.1728,1.1583,4.3786,157.2551,14.5696,13.1586,115.7012
2016-06-07,24.8426,52.3588,1.1621,4.5435,156.0254,14.4524,13.3601,115.8775
2016-06-08,24.7549,52.0739,1.1552,4.4371,154.812,14.379,13.4081,115.7266
2016-06-09,24.8953,51.7143,1.1765,4.4531,152.9915,14.162,13.217,116.7242
2016-06-10,24.7271,51.5827,1.1622,4.3692,150.3497,13.8453,13.1347,116.748
2016-06-13,24.4055,49.9268,1.1784,4.4049,149.6777,13.7146,13.0417,117.0149
2016-06-14,24.3573,49.8052,1.1675,4.4048,146.9579,13.3974,12.8642,116.6725
2016-06-15,24.452,49.8555,1.1841,4.4165,147.3188,13.4686,13.0584,116.7377
2016-06-16,24.226,50.0535,1.1776,4.6279,145.3992,13.1743,13.0239,116.221
2016-06-17,23.9415,50.1582,1.1716,5.0859,146.2824,13.3945,13.2945,115.7177
2016-06-20,23.9742,50.4529,1.1949,5.2313,148.781,13.6371,13.4694,116.7296
2016-06-21,23.9904,51.0429,1.1862,5.3622,148.0572,13.5823,13.2615,116.3944
2016-06-22,24.0112,51.144,1.1846,5.1834,148.9157,13.6899,13.2093,116.6455
2016-06-23,23.9397,51.7903,1.2073,5.177,151.9335,13.9649,13.3712,116.9926
2016-06-24,23.3942,49.9135,1.1507,4.9175,142.9944,13.1309,12.64,116.0357
2016-06-27,23.0018,48.5366,1.1285,4.7975,139.529,12.2857,12.122,116.0596
2016-06-28,23.2304,49.1852,1.1443,5.0862,141.3709,12.5344,12.3326,117.6706
2016-06-29,23.5618,50.3837,1.1661,5.203,144.4896,13.0816,12.4792,118.9895
2016-06-30,23.8182,51.0288,1.1729,5.0877,147.5506,13.2115,12.4464,120.7366
2016-07-01,23.9999,51.3762,1.1693,5.0683,148.9918,13.1183,12.7878,121.1804
2016-07-05,23.7083,51.0327,1.1756,4.9347,144.5019,12.7422,12.3992,122.5919
2016-07-06,23.7886,51.0729,1.1898,5.0394,144.738,12.7184,12.4548,122.249
2016-07-07,24.0133,51.3316,1.2173,5.0234,146.6399,12.968,12.7376,122.3732
2016-07-08,24.1583,52.1994,1.2636,5.0463,150.217,13.2095,13.0908,122.6674
2016-07-11,24.3091,52.6545,1.3022,5.0766,152.1457,13.2828,13.2339,123.0313
2016-07-12,24.3514,53.1728,1.3144,5.1103,156.289,13.5293,13.466,122.9
2016-07-13,24.2856,53.5795,1.323,5.1069,157.4116,13.4216,13.4049,122.9925
2016-07-14,24.5979,53.779,1.3346,5.1685,161.8234,13.6959,13.6243,123.2273
2016-07-15,24.7148,53.601,1.3148,5.1362,161.6999,13.6341,13.5717,123.2288
2016-07-18,24.9457,54.0539,1.3265,5.4256,163.0791,14.0458,13.62,122.8878
2016-07-19,24.9499,53.5075,1.3342,5.4497,161.8313,14.2367,13.6191,124.942
2016-07-20,24.9968,56.2529,1.3529,5.4439,161.409,14.3712,13.7175,125.391
2016-07-21,24.9761,55.9481,1.3371,5.2533,160.4855,14.3418,13.963,125.1037
2016-07-22,24.6738,56.422,1.3534,5.7703,160.3353,14.312,13.8073,124.8663
2016-07-25,24.4153,56.5253,1.3858,6.5621,160.5029,14.348,13.8242,124.5924
2016-07-26,24.5677,56.863,1.4131,6.9261,160.7835,14.4685,13.8095,125.0832
2016-07-27,25.8852,56.3733,1.4025,6.8072,161.0471,14.5721,13.8652,124.7387
2016-07-28,25.9797,56.0462,1.4056,6.8841,160.2604,14.5979,12.6062,124.5538
2016-07-29,26.0299,56.5631,1.4173,6.8444,159.1945,14.5569,12.7313,125.1077
2016-08-01,26.3545,56.4363,1.4183,6.7168,158.6807,14.4192,12.4684,125.388
2016-08-02,26.1926,56.5956,1.4006,6.2921,156.3642,14.2109,12.0159,124.8026
2016-08-03,26.3927,56.85,1.3988,6.3235,158.3208,14.4075,12.109,123.9567
2016-08-04,26.432,57.2861,1.4283,6.4855,157.8618,14.4519,12.1044,123.9292
2016-08-05,26.8327,57.9558,1.4508,6.6385,161.4863,14.9801,12.2256,124.0262
2016-08-08,26.9802,57.9629,1.4619,6.7387,162.9172,15.0683,12.2086,123.4931
2016-08-09,27.1243,58.221,1.4755,6.6483,163.7451,15.1451,12.2882,123.4595
2016-08-10,27.0399,57.9988,1.4665,6.4562,162.5872,14.9177,12.2718,123.385
2016-08-11,27.0838,58.2694,1.4909,6.5477,163.7292,14.8809,12.3123,123.7747
2016-08-12,27.032,57.8102,1.555,6.6814,162.9577,14.8133,12.3246,123.1495
2016-08-15,27.3113,58.2741,1.5742,6.9178,164.9518,14.9927,12.4147,122.5447
2016-08-16,27.4392,57.4472,1.5672,6.7423,165.8287,15.0983,12.363,120.8045
2016-08-17,27.2287,57.463,1.5326,6.6733,165.6067,15.1538,12.3368,120.643
2016-08-18,27.3211,57.514,1.5467,6.9641,165.8868,15.1544,12.3111,120.4743
2016-08-19,27.2871,57.5344,1.5584,7.6707,166.0583,15.1887,12.3555,119.7496
2016-08-22,27.1201,57.5588,1.5591,7.5786,166.201,15.1792,12.3347,119.2481
2016-08-23,27.246,57.9593,1.5743,7.6553,166.5442,15.3407,12.3846,119.5704
2016-08-24,27.0349,57.8975,1.5599,7.5057,165.6392,15.437,12.3398,118.9001
2016-08-25,26.8249,58.1724,1.5361,7.4162,165.5825,15.4825,12.3958,118.6535
2016-08-26,26.7772,58.1272,1.5473,7.6888,166.3484,15.7221,12.4388,119.0704
2016-08-29,26.7198,58.2627,1.5541,7.6614,167.1577,15.9168,12.4634,119.7472
2016-08-30,26.4898,57.8539,1.542,7.4803,168.0176,16.0545,12.5164,119.462
2016-08-31,26.5528,57.5061,1.5365,7.3637,169.0341,16.0574,12.565,119.2865
2016-09-01,26.5705,57.4936,1.5699,7.3225,168.1105,15.907,12.479,118.9407
2016-09-02,26.8636,57.777,1.5628,7.5228,169.025,15.9679,12.4998,119.2666
2016-09-06,26.9485,57.5266,1.5712,7.34,168.7191,15.8211,12.5918,119.6961
2016-09-07,26.947,57.6055,1.5562,6.8912,169.6348,15.734,12.6987,119.6172
2016-09-08,26.4767,57.4507,1.558,6.3324,170.923,15.8413,12.6915,119.4623
2016-09-09,26.0156,56.681,1.5067,6.044,169.8993,15.9133,12.5109,118.6527
2016-09-12,26.1762,56.6805,1.4951,5.9333,169.6839,15.7783,12.6012,118.4291
2016-09-13,27.0196,56.3797,1.504,5.767,167.3328,15.6862,12.4463,117.8619
2016-09-14,27.8908,56.3145,1.5036,5.9449,166.6194,15.6716,12.1906,117.8093
2016-09-15,28.735,56.9267,1.5543,6.0748,167.839,15.6674,12.1283,118.2459
2016-09-16,28.7475,57.2351,1.5704,6.0692,166.6867,15.5647,12.0795,118.4938
2016-09-19,28.5745,57.2117,1.6032,6.1731,166.9457,15.6509,12.176,118.0766
2016-09-20,28.3919,56.951,1.5823,6.1894,167.197,15.6178,12.0307,118.0185
2016-09-21,28.2998,57.4583,1.6058,6.2392,167.1101,15.6707,12.0706,118.2247
2016-09-22,28.6457,57.8536,1.6242,6.3845,168.4917,15.6086,12.2201,119.42
2016-09-23,28.2866,57.5207,1.6246,6.5425,166.0634,15.5627,12.1889,118.9095
2016-09-26,28.2122,56.9564,1.6064,6.3978,162.0748,15.1968,12.0278,117.8028
2016-09-27,28.2172,57.6842,1.6512,6.4821,162.5153,15.1917,12.0029,118.797
2016-09-28,28.4988,57.9104,1.6617,6.5698,162.7773,15.2864,12.023,119.2297
2016-09-29,28.1273,57.6668,1.675,6.6506,160.2018,15.2862,12.0312,117.7243
2016-09-30,28.2174,57.5729,1.7156,6.9162,160.9027,15.5687,12.08,118.248
2016-10-03,28.1487,57.3412,1.7179,6.9975,161.0202,15.6236,12.1049,118.4356
2016-10-04,28.3685,57.2452,1.7153,6.9838,162.552,15.8792,12.1818,118.6561
2016-10-05,28.2757,57.7314,1.7091,6.8523,165.732,16.139,12.4384,118.9587
2016-10-06,28.4668,57.6472,1.6802,6.8423,166.3193,16.15,12.4016,118.4563
2016-10-07,28.52,57.7681,1.6782,6.7291,168.7543,16.129,12.2627,119.0987
2016-10-10,29.0142,58.1145,1.6746,6.8573,171.067,16.3116,12.1819,119.903
2016-10-11,29.315,57.279,1.6563,6.542,169.0196,16.156,12.0003,117.8502
2016-10-12,29.3446,56.9158,1.6606,6.6488,169.4069,16.0935,11.9701,118.0594
2016-10-13,29.1521,56.8334,1.6207,6.422,166.6363,15.7452,11.8294,118.0294
2016-10-14,29.403,57.4668,1.6553,6.9208,170.983,16.064,11.9284,117.9822
2016-10-17,29.313,57.1617,1.6495,6.7739,169.5019,16.039,11.9164,118.2559
2016-10-18,29.4645,57.688,1.6666,6.7841,172.3676,16.2105,11.7931,115.9317
2016-10-19,29.3234,57.5812,1.6612,6.7045,174.8477,16.4392,11.9878,114.7926
2016-10-20,29.2393,57.4134,1.6838,6.8801,174.7372,16.5462,11.962,114.9675
2016-10-21,29.152,59.9261,1.6858,6.5469,174.1259,16.5747,11.974,113.5707
2016-10-24,29.3569,60.6654,1.7485,6.836,175.1377,16.7417,12.157,113.6669
2016-10-25,29.4083,61.0177,1.7894,7.3654,175.4418,16.7331,11.8725,113.804
2016-10-26,28.6649,60.7746,1.8071,7.3418,176.5377,16.8004,11.8631,114.626
2016-10-27,28.7019,60.4376,1.7818,7.2292,177.703,16.9747,11.7035,115.7375
2016-10-28,28.552,60.0354,1.7793,7.3576,177.0725,16.7302,11.7435,115.2763
2016-10-31,28.4188,60.1361,1.7804,7.3144,178.119,16.6162,11.7355,115.8187
2016-11-01,27.9438,59.7468,1.7445,7.1482,178.0586,16.554,11.6489,115.2577
2016-11-02,27.9623,59.5997,1.7319,6.8326,176.8183,16.4486,11.4351,115.1776
2016-11-03,27.5608,59.2577,1.6984,6.6842,176.7958,16.5434,11.3578,115.0692
2016-11-04,27.3101,58.904,1.6955,6.5909,176.2944,16.5677,11.4129,115.3744
2016-11-07,27.5206,60.3319,1.7712,6.9039,180.8623,16.9709,11.552,116.3774
2016-11-08,27.7045,60.4557,1.7786,6.9782,181.231,16.9629,11.4389,117.0548
2016-11-09,27.4388,59.9983,1.746,6.8983,189.2413,17.8001,11.3495,119.9986
2016-11-10,27.0418,58.8064,1.7467,6.503,199.8386,18.7117,11.8865,119.7038
2016-11-11,27.0257,58.7615,2.1101,6.6034,202.184,18.8679,12.239,118.506
2016-11-14,26.3922,58.0907,2.1237,6.7481,208.8227,19.8851,12.2287,117.0807
2016-11-15,26.7576,58.9649,2.1537,6.9587,208.7869,19.894,12.0688,116.1372
2016-11-16,27.2917,59.3802,2.2671,7.5046,206.2891,19.7727,11.9844,116.2804
2016-11-17,27.396,60.5441,2.3248,8.3806,208.4681,20.0606,11.8686,116.3534
2016-11-18,27.5013,60.5728,2.3264,8.6368,210.8529,20.0266,11.7918,115.2481
2016-11-21,27.848,60.7344,2.3297,9.0091,210.4836,20.1927,11.8333,115.017
2016-11-22,27.9597,61.086,2.3308,8.7359,211.0608,20.2842,11.8469,112.9289
2016-11-23,27.7445,60.4412,2.3555,8.7522,211.9994,20.4993,11.9224,112.9258
2016-11-25,27.8728,60.4192,2.3505,8.7869,211.8406,20.7156,12.0168,113.948
2016-11-28,27.9459,60.6403,2.3528,8.8797,210.6607,20.5124,11.9585,113.3372
2016-11-29,27.7879,61.0705,2.3402,9.039,211.7642,20.3844,11.9359,112.5699
2016-11-30,27.7086,60.4568,2.3286,9.0072,218.954,20.9572,12.0232,111.5683
2016-12-01,27.4522,59.3629,2.1929,8.4764,224.7097,21.5853,12.5605,111.2508
2016-12-02,27.4078,59.1963,2.1953,8.5114,223.1918,21.1966,12.3408,112.0212
2016-12-05,27.2894,60.1572,2.2883,8.6188,227.9295,21.7625,12.4226,111.9008
2016-12-06,27.4317,60.033,2.3179,9.2918,230.4131,21.9625,12.5271,112.1187
2016-12-07,27.5851,60.8419,2.3533,9.5092,233.7832,22.2776,12.9045,110.4036
2016-12-08,27.9952,61.1729,2.3595,10.3191,239.7158,22.9473,13.0403,110.6961
2016-12-09,28.4716,61.7778,2.2939,10.2099,240.5015,22.9906,13.1157,111.9852
2016-12-12,28.2457,62.0018,2.2164,10.713,238.8954,22.8354,12.883,114.8365
2016-12-13,28.8167,63.069,2.2824,10.5937,237.9273,22.5716,12.8065,115.6272
2016-12-14,28.8961,62.9183,2.384,10.5792,239.5434,22.7976,12.6095,115.5988
2016-12-15,29.0218,62.7172,2.4723,10.8411,243.8721,23.2027,12.6265,115.5889
2016-12-16,29.015,62.4996,2.4831,10.8715,240.7106,22.8999,12.6278,115.9585
2016-12-19,29.1928,63.3703,2.5316,10.8104,238.3244,22.4895,12.684,116.2237
2016-12-20,29.2528,63.4734,2.6343,11.4031,242.2634,22.7046,12.7628,115.5114
2016-12-21,29.2688,63.4423,2.6314,11.5091,241.064,22.6105,12.6807,115.4314
2016-12-22,29.0273,63.6382,2.69,11.6148,240.8034,22.5602,12.4704,115.0908
2016-12-23,29.0789,63.0996,2.7061,11.4513,240.7188,22.5701,12.4173,115.8626
2016-12-27,29.3584,63.5072,2.8871,11.904,241.7233,22.6205,12.4303,115.8104
2016-12-28,29.2706,63.0651,2.8082,11.7418,242.5751,22.4301,12.296,115.3669
2016-12-29,29.1745,62.8764,2.6832,11.3885,238.3183,22.0012,12.2526,115.5602
2016-12-30,28.9911,62.2464,2.7038,11.4111,239.3293,22.1146,12.1641,115.3429
2017-01-03,28.9032,62.4507,2.5587,11.3252,241.5426,22.4517,12.4792,115.7019
2017-01-04,29.033,62.3083,2.5934,11.3828,242.198,22.798,13.1018,115.6903
2017-01-05,29.1153,62.353,2.5662,11.3849,240.401,22.6313,12.8511,116.4905
2017-01-06,29.4334,62.7891,2.5772,11.3618,244.2642,22.7377,12.778,116.3281
2017-01-09,29.745,62.7418,2.6709,11.5112,243.2141,22.5566,12.7266,116.275
2017-01-10,29.7444,62.6761,2.675,11.45,241.5501,22.9141,12.8312,116.4218
2017-01-11,29.8154,63.0206,2.6295,11.2663,244.169,22.8978,12.6139,114.963
2017-01-12,29.7088,62.3597,2.5677,10.6408,243.3677,22.8423,12.5208,114.2123
2017-01-13,29.7669,62.6132,2.5943,10.6489,245.2717,23.0985,12.572,114.687
2017-01-17,29.9422,62.3928,2.5383,9.9417,238.3723,22.3086,12.6174,114.6892
2017-01-18,30.0072,62.4105,2.5569,9.8471,234.5506,22.4309,12.3711,114.7492
2017-01-19,29.9493,62.4622,2.6296,9.9889,231.9912,22.5852,12.4361,114.3139
2017-01-20,30.0036,62.6226,2.6116,9.7935,231.7979,22.7085,12.3757,114.4762
2017-01-23,30.0327,62.8701,2.6226,9.8728,232.3234,22.5746,12.2953,114.1032
2017-01-24,29.9906,63.3458,2.6567,10.2661,234.1529,22.8917,12.5361,111.7523
2017-01-25,30.3792,63.7018,2.6899,10.414,236.1679,23.3209,12.7395,112.1568
2017-01-26,30.479,64.1766,2.7153,10.5168,239.1809,23.4199,12.4225,112.2019
2017-01-27,30.4852,65.5707,2.7636,10.6357,236.9447,23.3654,12.4815,113.0069
2017-01-30,30.2999,65.1225,2.7369,10.5164,233.3842,22.8893,12.3573,113.0903
2017-01-31,30.4074,64.5549,2.7239,10.418,229.8501,22.6969,12.3272,112.9845
2017-02-01,32.1322,63.7957,2.8131,11.6557,231.1315,23.0106,12.3739,112.8769
2017-02-02,32.1028,63.0993,2.8634,12.3562,230.407,22.6539,12.291,113.1809
2017-02-03,32.1885,63.4248,2.8684,12.2246,239.2802,23.2263,12.5273,113.2875
2017-02-06,32.5251,63.4796,2.906,13.254,241.3085,23.2,12.525,113.1257
2017-02-07,32.8847,63.4261,2.9894,13.5859,240.2446,23.034,12.3766,113.4008
2017-02-08,32.929,63.4573,2.9538,13.5231,237.514,22.5922,12.3741,113.4429
2017-02-09,33.0012,63.9884,2.9197,13.6524,241.2805,23.0054,12.3956,114.1647
2017-02-10,33.0891,64.1128,2.8803,13.5184,242.7059,23.0879,12.4742,115.3117
2017-02-13,33.3696,64.5917,2.7532,13.6307,246.5947,23.4174,12.5533,115.7703
2017-02-14,33.5978,64.3534,2.716,13.3371,248.8606,23.8936,12.6496,115.9994
2017-02-15,33.8577,64.423,2.7184,13.2909,250.5841,24.514,12.6049,116.79
2017-02-16,33.8174,64.7458,2.6773,13.0318,249.4634,24.4391,12.5295,117.8241
2017-02-17,33.8648,64.5165,2.6587,12.9478,249.484,24.4076,12.5111,118.5238
2017-02-21,34.113,64.5841,2.7563,13.8412,251.7752,24.7248,12.6766,119.548
2017-02-22,34.1788,64.2431,2.7672,14.251,251.2865,24.7737,12.7035,119.5406
2017-02-23,34.176,64.4845,2.5428,14.1613,250.6888,24.6158,12.6249,121.1542
2017-02-24,34.0013,64.4758,2.4985,14.1258,247.4641,24.1672,12.4446,122.2369
2017-02-27,34.2465,64.1776,2.6048,14.9818,248.5306,24.4856,12.5788,122.4264
2017-02-28,34.2654,63.9421,2.5531,14.7138,247.6785,24.585,12.526,122.2504
2017-03-01,34.8464,64.7515,2.5632,14.7811,253.3276,25.466,12.7041,123.7689
2017-03-02,34.8489,64.0804,2.5072,14.2672,252.3319,25.4223,12.6815,123.7956
2017-03-03,34.8573,64.0537,2.4458,13.1647,253.243,25.5035,12.6096,123.6016
2017-03-06,34.7848,64.3109,2.4123,12.8525,251.6496,25.2062,12.5287,123.8139
2017-03-07,34.8734,64.4103,2.4642,13.1479,251.3358,25.2387,12.4652,123.7244
2017-03-08,34.8077,64.8648,2.4943,13.3203,251.5487,25.4575,12.5703,124.1555
2017-03-09,34.5933,64.7999,2.4586,13.2708,250.9202,25.3746,12.4703,125.5552
2017-03-10,34.7734,64.968,2.4769,13.7245,248.9884,25.3584,12.5443,126.0736
2017-03-13,34.7822,64.7667,2.5338,14.3736,248.2977,25.3109,12.5463,126.6052
2017-03-14,34.7777,64.3799,2.5335,13.8929,246.7883,25.193,12.5171,127.2505
2017-03-15,35.003,64.6718,2.548,13.8747,248.0475,25.292,12.5939,127.963
2017-03-16,35.1596,64.5411,2.5825,13.7274,248.8325,25.3147,12.6707,128.2327
2017-03-17,35.106,64.9337,2.6352,13.4977,245.8503,24.9688,12.5243,128.3209
2017-03-20,35.2723,64.9311,2.7133,14.2314,243.0141,24.5533,12.322,128.144
2017-03-21,35.2801,64.6554,2.6898,14.0363,235.8446,23.3489,11.8999,127.6297
2017-03-22,35.2178,64.8451,2.6802,13.876,231.2045,22.9121,11.757,126.6187
2017-03-23,35.2534,64.9556,2.6875,13.9262,232.9133,23.2079,11.6396,126.2362
2017-03-24,35.2681,65.1033,2.7013,13.8203,229.4664,23.0578,11.6501,125.7059
2017-03-27,35.1058,64.8908,2.6742,13.5374,223.9848,22.6945,11.4679,125.7451
2017-03-28,35.7183,65.1178,2.6967,13.686,228.5975,23.3789,11.6689,125.3794
2017-03-29,35.9677,65.2681,2.6927,13.7566,228.563,23.4308,11.6938,125.0325
2017-03-30,35.9954,65.7462,2.7273,13.8874,231.0611,23.7428,11.6753,124.7548
2017-03-31,35.9555,65.915,2.7266,14.5257,229.7749,23.7795,11.6356,124.5855
2017-04-03,35.9145,65.5238,2.71,14.5649,227.9346,23.4057,11.3807,124.7088
2017-04-04,36.0693,65.6371,2.5501,14.3121,229.2912,23.385,11.374,124.4374
2017-04-05,36.1962,65.9884,2.5272,14.4161,229.3457,23.4969,11.3292,125.1055
2017-04-06,35.9843,65.7417,2.501,13.1379,228.51,23.2657,11.291,125.0952
2017-04-07,35.9285,65.7638,2.5104,13.393,227.6007,23.146,11.2574,125.0736
2017-04-10,35.8391,65.5868,2.4644,13.2412,228.867,23.0809,11.2802,124.505
2017-04-11,35.3628,65.2878,2.4451,13.0257,227.6164,22.757,11.2365,124.2021
2017-04-12,35.3897,65.263,2.4454,12.8787,226.3434,22.7631,11.2362,124.9975
2017-04-13,35.4477,65.3082,2.41,12.499,225.1783,22.6011,11.1603,125.2352
2017-04-17,35.3602,65.3925,2.4562,12.6164,225.1734,22.5758,11.2436,125.4991
2017-04-18,35.3692,65.4047,2.4673,12.8239,216.4679,22.7605,11.1381,121.7379
2017-04-19,35.3044,65.225,2.504,12.9657,215.3036,22.941,11.2182,121.4385
2017-04-20,35.5778,65.4581,2.5153,13.0211,217.1004,23.0288,11.4205,121.8955
2017-04-21,35.5682,66.259,2.5337,12.9922,217.6425,22.8181,11.3688,121.7965
2017-04-24,35.9197,67.3907,2.5712,13.1511,223.3797,23.5837,11.4222,122.713
2017-04-25,36.1264,67.8933,2.6073,13.3822,226.8186,24.1418,11.4702,123.4681
2017-04-26,36.0132,67.9079,2.6139,13.3882,227.5608,24.0212,11.6281,123.786
2017-04-27,35.9223,67.9218,2.6323,13.5919,225.1393,23.669,11.4546,123.7297
2017-04-28,35.935,68.3659,2.6193,13.3997,225.1613,23.4722,11.4647,123.4295
2017-05-01,36.5787,69.1615,2.6453,13.2862,225.161,23.5709,11.4635,123.3329
2017-05-02,36.8072,69.4181,2.5919,10.9717,224.7052,23.4687,10.9756,123.3798
2017-05-03,36.5525,68.9351,2.5938,10.2923,225.6275,23.6254,11.0356,123.3681
2017-05-04,36.5871,68.8203,2.6012,10.1186,226.8166,23.8753,11.0023,123.601
2017-05-05,37.0625,68.8012,2.5884,10.1063,226.4138,23.7236,11.081,123.2712
2017-05-08,38.0078,68.7594,2.5777,10.0574,225.3924,23.9331,11.1531,123.2708
2017-05-09,38.5286,69.0145,2.6924,10.2566,224.6856,24.1068,11.1763,123.1069
2017-05-10,38.2753,69.2132,2.9665,10.6697,224.677,24.0732,11.1015,122.7319
2017-05-11,38.2983,68.3546,3.1511,10.9122,224.1114,24.051,11.0163,122.8554
2017-05-12,38.9626,68.308,3.1879,11.2343,223.0763,23.8873,10.9272,123.6281
2017-05-15,38.9042,68.1114,3.3222,11.4778,225.1822,24.0667,10.9653,126.5196
2017-05-16,38.8334,69.0109,3.3849,12.3272,225.5226,24.0357,10.9488,127.6757
2017-05-17,37.8822,68.0729,3.2758,11.6812,215.8941,22.8368,10.7815,127.1001
2017-05-18,38.1149,67.7391,3.2847,11.2342,215.4686,22.7747,10.7674,126.7802
2017-05-19,38.333,67.7553,3.4184,11.4867,216.2208,23.1177,10.8835,126.8481
2017-05-22,38.4463,68.2424,3.4613,11.0555,216.2936,23.0096,11.0576,127.3291
2017-05-23,38.462,68.5806,3.4286,10.7994,218.2396,23.2293,11.0424,127.6184
2017-05-24,38.3178,68.6664,3.4848,10.8842,222.3089,23.338,10.9441,127.4946
2017-05-25,38.4528,69.4901,3.4456,10.9209,223.6577,23.3591,10.8441,127.1343
2017-05-26,38.4198,69.96,3.5008,10.9131,223.0662,23.2795,10.8738,126.9896
2017-05-30,38.4661,70.1703,3.6206,11.1353,219.2755,23.0214,11.0768,127.0537
2017-05-31,38.2335,70.0331,3.605,11.2265,211.7122,22.2971,11.0711,128.3325
2017-06-01,38.2255,69.9034,3.5949,10.9386,213.7651,22.4945,11.4133,128.494
2017-06-02,38.6609,71.3565,3.6035,10.7884,213.8803,22.41,11.3246,129.6735
2017-06-05,38.478,72.4205,3.6733,11.184,214.3752,22.5253,11.2715,130.2881
2017-06-06,38.6639,72.4654,3.709,11.9797,214.5014,22.2354,11.1232,130.943
2017-06-07,38.8385,72.3169,3.7275,12.6078,216.0946,22.5184,11.0716,130.8617
2017-06-08,38.7301,71.9552,3.9101,12.6895,218.8403,22.9992,11.0339,130.6102
2017-06-09,37.5476,70.2829,3.8997,12.6246,222.2299,23.5093,11.0939,131.2528
2017-06-12,36.0862,69.2237,3.6878,11.9539,222.2667,23.7855,11.2932,131.6317
2017-06-13,36.591,70.5284,3.754,12.0109,224.3908,23.8314,11.2832,131.9365
2017-06-14,36.3517,70.4498,3.7867,11.8374,224.092,23.5157,11.1491,132.9843
2017-06-15,35.8869,69.6737,3.7695,11.391,224.386,23.6539,11.2246,132.8835
2017-06-16,35.7572,69.8397,3.8075,11.5066,222.1995,23.4766,11.1676,134.062
2017-06-19,36.4432,70.6992,3.9015,11.8851,225.8801,23.8716,11.2402,133.9545
2017-06-20,36.365,70.1511,3.9764,12.5841,225.201,23.6423,11.1514,134.3695
2017-06-21,36.3906,70.328,3.9504,13.6387,223.3286,23.2113,11.0647,134.8659
2017-06-22,36.4406,70.1099,3.9757,14.1534,220.3908,22.9907,11.1079,136.1981
2017-06-23,36.5799,70.9015,3.883,14.2959,217.8992,22.8485,11.039,136.1245
2017-06-26,36.6201,70.912,3.801,14.1165,220.145,22.9422,11.1504,136.4964
2017-06-27,36.2052,69.6252,3.7246,13.7166,221.1646,23.3366,11.1309,135.6532
2017-06-28,36.252,69.4453,3.7405,13.3377,223.0656,23.8702,11.1185,134.223
2017-06-29,35.9093,68.5989,3.6728,12.7373,225.9414,24.3884,11.1438,132.955
2017-06-30,36.0923,69.047,3.6372,12.542,223.1151,24.3555,11.2126,132.4771
2017-07-03,35.9924,68.5849,3.5346,12.3848,226.9732,24.7058,11.5659,132.9704
2017-07-05,35.9893,68.9177,3.5722,12.8991,227.4113,24.853,11.3337,133.4597
2017-07-06,35.7106,68.4768,3.5779,13.0293,227.7156,24.9224,11.2428,132.8877
2017-07-07,36.0203,69.3669,3.6622,13.4698,225.8847,24.8203,11.2333,132.3211
2017-07-10,36.2305,69.9263,3.7863,13.6293,225.9524,24.8518,11.3118,131.8403
2017-07-11,36.3115,70.1249,3.8579,13.9089,226.7672,24.6482,11.3822,131.1336
2017-07-12,36.3737,70.9824,4.0093,14.2236,227.6986,24.4275,11.5109,132.2446
2017-07-13,36.8732,71.7662,4.0716,13.8915,229.6485,24.5296,11.6273,131.6792
2017-07-14,37.1119,72.7226,4.0874,13.7552,228.0829,24.1206,11.673,132.489
2017-07-17,37.4717,73.115,4.1089,13.7668,228.86,24.0459,11.7174,132.1613
2017-07-18,37.3636,73.056,4.1253,13.3738,224.6028,23.8337,11.7218,133.6189
2017-07-19,37.7112,73.8142,4.1508,13.5768,222.5942,24.0327,11.7884,134.9857
2017-07-20,37.6873,74.1389,4.1531,13.7168,222.9464,23.9706,11.714,136.4889
2017-07-21,37.4855,73.6732,4.2023,13.9101,220.3521,23.7871,11.5258,135.3281
2017-07-24,37.8947,73.4651,4.1693,14.2484,218.7081,23.9313,11.3571,133.2855
2017-07-25,38.2857,74.0222,4.1291,14.358,221.8999,24.4976,11.2994,132.0156
2017-07-26,38.3772,74.0538,4.1957,15.2037,222.7261,24.409,11.0422,131.1088
2017-07-27,37.7492,73.2932,4.0707,14.2605,221.4236,24.2255,11.1388,130.3988
2017-07-28,37.4263,72.9979,4.0907,13.9417,222.9104,24.0823,11.1524,131.5265
2017-07-31,37.2273,72.8706,4.079,13.772,224.6793,24.1819,11.1994,132.8764
2017-08-01,37.9178,72.7772,4.0904,13.7175,227.5715,24.4172,10.9384,132.6805
2017-08-02,39.4759,72.0185,4.0907,13.4082,226.5328,24.4716,10.9875,131.9344
2017-08-03,38.9792,72.1304,4.1436,13.2723,225.263,24.4515,10.9659,132.8127
2017-08-04,39.1114,72.6245,4.2073,13.1713,228.0523,24.9366,10.9213,133.1224
2017-08-07,39.504,72.4845,4.2709,13.4164,232.1288,24.9644,10.9248,132.8606
2017-08-08,40.1343,72.6856,4.2862,13.3132,233.6434,25.0444,10.9358,132.0286
2017-08-09,40.1198,72.3516,4.2625,12.7473,230.1333,24.654,10.8866,133.084
2017-08-10,39.3252,71.7274,4.1301,12.3694,227.0344,24.3014,10.8248,133.2396
2017-08-11,39.3737,72.2202,3.8895,12.1672,223.8941,23.9054,10.788,133.6155
2017-08-14,39.8921,73.5292,4.1055,12.7483,228.3554,24.3782,10.8988,133.412
2017-08-15,40.3546,73.2294,4.1849,12.9609,228.6024,24.5985,10.885,133.5175
2017-08-16,40.3525,73.6216,4.1499,12.7866,226.55,24.3042,10.8206,134.2543
2017-08-17,39.7248,72.8839,4.0778,12.4539,222.4813,23.8281,10.703,133.3313
2017-08-18,39.5441,72.4389,4.0611,12.4165,222.665,23.68,10.545,132.9704
2017-08-21,39.1681,72.0646,3.9872,12.0174,220.2877,23.3198,10.5863,133.2706
2017-08-22,39.8854,73.0271,4.0415,12.2149,223.1239,23.7958,10.6803,134.1549
2017-08-23,39.9675,72.7885,4.1135,12.3656,223.4705,23.8093,10.7203,133.1674
2017-08-24,39.8588,72.5956,4.1404,12.5363,223.3388,23.8407,10.7449,132.7449
2017-08-25,39.9698,72.8782,4.1179,12.3971,223.3183,23.8691,10.8272,131.9807
2017-08-28,40.3169,72.7781,4.102,12.2561,220.0992,23.6928,10.7763,131.7237
2017-08-29,40.5538,72.8684,4.111,12.0504,218.818,23.4694,10.822,132.018
2017-08-30,40.8092,73.7629,4.1308,12.4821,222.7812,23.8449,10.884,131.3169
2017-08-31,40.9961,74.6891,4.2178,13.0078,223.7622,23.9077,11.091,132.1809
2017-09-01,41.0341,74.0167,4.2669,13.2745,226.3226,24.0883,11.3472,131.337
2017-09-05,40.5978,73.5138,4.1557,12.8985,218.8341,23.4345,11.3405,130.184
2017-09-06,40.4446,73.5678,4.1506,12.8953,219.4395,23.4134,11.4716,130.6768
2017-09-07,40.3549,74.2882,4.165,12.7609,215.7081,22.9349,11.3797,131.8976
2017-09-08,39.8616,74.0986,4.1001,12.206,217.4636,23.0229,11.3459,131.4108
2017-09-11,40.3339,74.7111,4.2055,12.5745,220.9131,23.2931,11.4141,132.7549
2017-09-12,40.3655,74.662,4.2087,12.3524,225.9158,23.8501,11.584,132.7231
2017-09-13,39.7505,75.0275,4.2493,12.2586,226.3234,24.2394,11.5872,132.37
2017-09-14,39.6856,74.9704,4.2667,12.3113,227.0901,24.3387,11.5747,133.7107
2017-09-15,39.9181,75.019,4.4442,12.5446,225.5104,24.3234,11.5976,134.5828
2017-09-18,39.7983,75.3529,4.6978,13.0716,227.48,24.6987,11.6537,135.2263
2017-09-19,39.7511,75.4277,4.6903,13.1354,228.9341,24.8577,11.703,135.1654
2017-09-20,38.9273,74.9414,4.6523,13.3663,229.918,24.9787,11.7168,133.2108
2017-09-21,38.4529,74.4721,4.503,13.7127,231.1427,25.1437,11.7352,132.0232
2017-09-22,37.8597,74.281,4.5034,13.2471,230.4068,24.9897,11.8199,131.5633
2017-09-25,37.6056,73.2622,4.3168,12.81,230.2397,24.8053,11.9498,131.2818
2017-09-26,38.2084,73.3447,4.3626,12.6256,230.1969,24.8297,11.9445,131.1465
2017-09-27,38.5593,73.7486,4.3621,12.6707,234.453,25.4288,11.9506,129.8086
2017-09-28,38.3038,73.7438,4.3744,12.6753,234.9519,25.4867,11.9534,129.708
2017-09-29,38.3653,74.3537,4.4656,12.7144,236.8136,25.3854,11.9875,129.7831
2017-10-02,38.4007,74.6911,4.4806,12.706,239.5063,25.5606,12.0458,131.0254
2017-10-03,38.6376,74.3885,4.4818,13.2773,241.557,25.8022,12.3291,132.0485
2017-10-04,38.338,74.2816,4.51,13.2883,241.6137,25.814,12.3724,132.8182
2017-10-05,38.7665,75.677,4.514,13.3477,244.6577,26.0594,12.2408,133.0521
2017-10-06,38.7646,75.8404,4.5185,13.249,246.1968,26.1828,12.2861,132.9996
2017-10-09,38.9988,76.2897,4.6302,13.5972,243.1301,25.9494,12.3143,133.4901
2017-10-10,38.9591,76.3564,4.74,13.6153,242.3696,25.8274,12.3552,133.6972
2017-10-11,39.1332,76.268,4.7507,13.8024,242.3157,25.78,12.3683,136.4434
2017-10-12,39.1475,77.026,4.7867,14.1668,240.7075,25.561,12.1921,136.7957
2017-10-13,39.2266,77.5147,4.8454,14.2721,238.5131,25.6845,12.0474,136.7024
2017-10-16,39.8232,77.5661,4.9041,14.2452,241.5176,26.2287,12.0722,136.1579
2017-10-17,40.0155,77.4618,4.9411,14.2196,238.0523,26.2525,12.2267,139.7845
2017-10-18,40.0231,77.663,4.9028,14.0174,240.6377,26.4709,12.2211,140.572
2017-10-19,38.9621,77.7118,4.9052,13.898,239.5182,26.4184,12.1692,141.9079
2017-10-20,39.2172,78.6777,4.947,13.9115,243.7457,27.1072,12.0744,142.4519
2017-10-23,39.1411,78.9915,4.9333,14.0771,242.9745,27.2618,12.102,143.811
2017-10-24,39.2353,78.8925,4.9456,13.9378,244.8487,27.6584,12.1891,141.6156
2017-10-25,39.095,78.5775,4.8672,12.6894,242.5063,27.6002,12.0373,142.3334
2017-10-26,39.3625,79.2096,4.882,12.132,242.3731,27.8285,12.2089,142.3726
2017-10-27,40.428,84.5824,4.9854,11.6948,241.2868,27.7987,12.0692,141.8743
2017-10-30,41.61,83.8164,5.1017,10.9921,240.8797,27.594,12.0677,140.0835
2017-10-31,42.1522,83.4801,5.1664,11.0477,242.5446,27.4863,12.2517,139.5006
2017-11-01,41.7971,83.2407,5.1914,10.921,244.8423,27.5493,12.3768,140.047
2017-11-02,42.1116,83.8632,5.1428,10.8242,245.8191,27.6853,12.3728,139.7651
2017-11-03,43.1798,84.0292,5.1853,10.9692,244.6541,27.7272,12.3745,139.8783
2017-11-06,43.4954,84.4045,5.2176,11.8254,243.252,27.7139,12.3331,139.9039
2017-11-07,43.6555,84.2171,5.2898,12.0864,240.7955,27.2655,12.18,139.518
2017-11-08,43.8765,84.3268,5.229,11.6871,240.5356,26.6996,12.0479,141.0496
2017-11-09,43.7709,83.7119,5.1136,11.1835,240.1899,26.4122,11.9915,140.471
2017-11-10,43.7077,83.6804,5.3996,11.2797,241.4005,26.5883,12.0209,139.2989
2017-11-13,43.5079,83.757,5.3465,11.058,239.5241,26.3793,12.1371,139.4875
2017-11-14,43.0583,83.6261,5.3367,11.1159,237.3549,26.2086,12.0375,139.7185
2017-11-15,42.3373,83.1369,5.2444,11.0089,236.5595,26.5816,11.9678,139.1479
2017-11-16,42.7984,83.1978,5.3194,11.2513,239.7901,26.8631,12.0204,138.8996
2017-11-17,42.5985,82.5356,5.3216,11.5298,238.1891,26.6111,12.0226,138.1203
2017-11-20,42.5002,82.4765,5.3308,11.3139,237.9426,26.7189,12.1027,137.9967
2017-11-21,43.2365,83.607,5.3901,11.3904,238.2536,26.7481,12.159,138.5473
2017-11-22,43.5806,83.2629,5.3713,11.3665,237.2945,26.6993,12.0863,137.3896
2017-11-24,43.7734,83.1758,5.4053,11.3704,237.3819,26.6367,12.1078,137.7645
2017-11-27,43.566,83.8105,5.3745,11.5807,235.5129,26.6634,12.1265,138.0149
2017-11-28,43.3066,84.7185,5.282,11.151,237.5123,27.2981,12.1747,139.7398
2017-11-29,42.3548,83.8089,4.9529,10.885,242.2778,28.2087,12.4391,139.7076
2017-11-30,42.7898,84.0553,4.9988,10.8941,247.6525,28.4027,12.5387,139.2631
2017-12-01,42.6242,84.0306,4.9254,10.7385,247.7348,28.05,12.5623,139.7734
2017-12-04,42.7397,81.8901,4.7267,10.1119,251.9242,29.1026,12.7187,139.8574
2017-12-05,42.5573,81.856,4.7218,10.0494,248.9035,29.0822,12.471,139.8623
2017-12-06,42.2478,82.6871,4.7104,9.9684,246.5958,28.7443,12.37,141.0053
2017-12-07,42.4052,82.4247,4.794,10.0769,248.2343,28.7287,12.5296,140.0044
2017-12-08,42.4406,84.1042,4.8144,10.0278,249.4389,28.9538,12.5621,140.3885
2017-12-11,42.969,84.9939,4.8271,10.0762,250.2002,29.0052,12.5706,140.6796
2017-12-12,42.9748,85.5826,4.7897,9.9512,255.9904,29.2687,12.5894,142.8286
2017-12-13,43.1885,85.5004,4.7115,10.1197,257.6983,29.1486,12.6694,142.8726
2017-12-14,43.0721,84.9499,4.6802,10.0896,256.6684,28.929,12.5066,141.8468
2017-12-15,43.3895,86.2822,4.747,10.2224,257.2324,29.0342,12.5913,142.4673
2017-12-18,44.0978,86.6292,4.8979,10.8744,260.5326,29.4186,12.6966,142.0586
2017-12-19,43.6555,85.713,4.911,11.0234,257.56,29.4852,12.7113,141.7848
2017-12-20,43.5633,85.304,4.9112,10.9717,256.0097,29.5692,12.7134,141.2643
2017-12-21,43.8082,85.7218,4.9155,10.9472,260.662,29.8372,12.6615,141.1587
2017-12-22,43.7588,85.331,4.8314,10.4139,259.4037,29.8134,12.5894,140.3521
2017-12-26,42.6138,85.3374,4.8883,10.4461,257.1392,29.7284,12.5857,140.0406
2017-12-27,42.5683,85.6004,4.9553,10.6043,256.1633,29.6763,12.4988,140.7048
2017-12-28,42.7892,85.6876,4.9556,10.5259,256.089,29.7454,12.5397,140.6084
2017-12-29,42.439,85.6924,4.8855,10.3928,254.975,29.6313,12.5218,140.0779
2018-01-02,42.837,85.9029,4.9441,10.818,255.5863,29.7466,12.6173,139.2133
2018-01-03,43.2781,86.3166,5.2393,11.7032,254.1397,29.7891,12.7471,140.0839
2018-01-04,43.2473,87.2366,5.366,12.1985,257.1511,30.2212,12.9814,140.6076
2018-01-05,43.6732,88.0986,5.3587,11.8561,254.9464,30.22,13.1621,141.1162
2018-01-08,43.6581,88.2144,5.5661,12.1403,252.8376,30.1299,13.1609,141.6828
2018-01-09,43.5803,88.3001,5.54,11.8429,253.8001,30.3675,13.1387,144.5012
2018-01-10,43.4126,87.7433,5.5222,11.9813,254.0868,30.5242,13.027,143.882
2018-01-11,43.7894,87.8528,5.6148,12.0649,254.483,30.5775,13.1259,144.408
2018-01-12,44.1806,89.2985,5.5843,11.9224,255.9067,30.9861,13.2016,145.9189
2018-01-16,44.3672,89.3006,5.5625,12.0231,258.8846,31.3673,13.2197,147.1029
2018-01-17,44.3277,89.8712,5.5291,12.0992,252.7853,30.8788,12.278,147.0161
2018-01-18,44.8455,90.3252,5.6264,12.519,251.5506,31.4698,12.0757,146.7913
2018-01-19,44.6099,90.0375,5.7352,12.6576,253.5651,31.6109,11.9781,147.2356
2018-01-22,44.2809,91.1435,5.8059,12.6038,260.7238,31.7818,12.0043,147.6254
2018-01-23,44.4905,91.8992,5.9558,12.9169,259.0247,31.954,11.9576,143.1387
2018-01-24,43.7034,92.3065,5.9234,12.8159,263.6158,32.065,12.0131,142.2533
2018-01-25,43.0611,92.5006,5.9419,12.6411,268.4159,32.0925,11.5994,143.8295
2018-01-26,42.7716,93.5822,6.0344,12.842,267.8334,32.1041,11.5972,144.9121
2018-01-29,42.0885,94.1096,6.1379,13.268,272.2296,32.3158,11.2252,143.8384
2018-01-30,41.5746,92.8617,6.0654,12.9253,269.08,31.9784,11.0991,142.752
2018-01-31,41.8319,94.3132,6.1763,13.5692,268.5896,32.1141,10.9663,139.4652
2018-02-01,41.9943,94.9701,6.0668,13.5189,270.1841,32.2545,10.9083,139.2393
2018-02-02,40.7329,92.3998,5.8703,12.6436,263.9302,32.2393,10.7222,138.6761
2018-02-05,40.1086,90.4934,5.5754,11.7389,254.4148,30.8989,10.474,132.4233
2018-02-06,39.9124,88.8712,5.459,11.4619,252.0059,30.5912,10.6036,130.307
2018-02-07,40.2772,90.4086,5.7629,11.7046,258.8197,31.3636,10.9013,132.2527
2018-02-08,39.7284,87.0804,5.7035,11.4522,251.8206,30.5162,10.5587,128.5252
2018-02-09,38.7376,86.6271,5.7159,11.1107,246.0513,29.9257,10.4335,128.1825
2018-02-12,40.3959,88.9772,5.7206,11.6389,252.7869,31.0479,10.6709,129.8018
2018-02-13,40.8481,89.1821,5.8005,11.7225,253.9815,31.1439,10.5806,129.671
2018-02-14,41.4045,89.9875,5.9652,12.0632,259.8792,31.6294,10.6598,129.2601
2018-02-15,42.8789,92.0051,6.1439,12.2695,265.965,32.1682,10.7025,130.4851
2018-02-16,43.3616,92.528,6.1697,11.9796,267.6683,32.0529,10.6528,133.086
2018-02-20,43.2263,92.5326,6.235,12.0501,265.7494,31.9564,10.6216,131.2793
2018-02-21,43.2176,92.5718,6.1439,11.9055,265.7575,32.0661,10.6545,130.6798
2018-02-22,43.235,91.9836,6.0707,11.8583,262.8225,31.8788,10.6365,130.1237
2018-02-23,43.672,93.4328,6.1135,12.071,265.2586,31.9184,10.6743,131.2779
2018-02-26,44.5999,95.0808,6.147,12.2519,270.3588,32.299,10.8328,132.2129
2018-02-27,44.8211,95.0063,6.1761,12.6892,270.6232,32.5652,10.7584,132.2246
2018-02-28,44.7998,94.5321,6.0966,12.3117,266.0951,32.4098,10.6608,130.8624
2018-03-01,44.023,92.8898,5.8592,11.9516,259.447,31.7824,10.3666,127.8392
2018-03-02,43.6924,92.1383,5.7448,11.7182,255.9949,31.2427,10.3264,128.4337
2018-03-05,44.1388,93.417,5.8581,11.8849,261.5315,31.9245,10.5321,129.3066
2018-03-06,44.2548,93.481,6.0208,11.8334,265.7963,32.1276,10.5866,128.6533
2018-03-07,43.7708,93.3821,6.0276,12.3366,264.0019,31.9591,10.5442,128.5322
2018-03-08,44.0514,94.4503,6.0228,12.0316,265.6648,32.0661,10.5554,131.3047
2018-03-09,44.7952,96.0291,6.1125,11.7528,269.6604,32.6146,10.6802,133.1519
2018-03-12,45.4164,96.7056,6.2696,11.6362,273.4128,32.8734,10.8008,133.0523
2018-03-13,45.3926,95.1647,6.2517,11.5868,270.6483,32.5817,10.8694,134.7209
2018-03-14,44.6973,94.2866,6.2065,11.4047,265.7858,32.181,11.1573,133.2299
2018-03-15,44.7683,94.0086,6.2532,11.3709,267.1613,32.1057,11.0765,133.2293
2018-03-16,44.5778,94.5415,6.2499,11.4592,267.5216,32.2557,11.1541,133.3951
2018-03-19,43.8169,92.8579,6.0477,11.5158,262.5328,31.9848,11.0198,130.7124
2018-03-20,43.9334,93.3319,6.1689,11.172,263.3522,32.0478,11.0154,130.7855
2018-03-21,43.2719,92.9464,6.2512,11.2635,262.8018,32.0584,11.0794,131.3247
2018-03-22,42.545,90.6083,6.1012,11.0431,255.4905,30.8989,10.8352,128.4599
2018-03-23,41.8871,88.7557,5.9052,10.7159,249.3088,29.7785,10.6387,126.0555
2018-03-26,42.5127,92.6388,6.0122,10.3708,252.8551,30.1361,10.7914,126.8007
2018-03-27,42.8488,91.8444,5.8445,10.1782,251.6451,30.0302,10.8187,127.603
2018-03-28,41.803,89.9311,5.5504,9.9329,248.4396,29.5009,10.8532,127.8417
2018-03-29,42.2911,90.5605,5.7314,9.9484,250.7963,29.7873,11.0553,127.8991
2018-04-02,41.5902,88.6693,5.5928,9.6609,246.9605,29.2235,10.8283,124.969
2018-04-03,41.7343,89.1898,5.6392,9.4679,249.0977,29.444,11.0927,127.34
2018-04-04,42.3141,90.558,5.5116,9.4954,248.9995,29.4772,11.2059,129.3156
2018-04-05,43.3054,92.3622,5.5789,10.0723,255.895,30.3611,11.3237,130.6278
2018-04-06,42.4573,90.7685,5.4151,9.7449,250.3863,29.7453,11.1925,128.3486
2018-04-09,42.8704,91.735,5.473,9.6708,253.5577,30.1674,11.2996,129.7537
2018-04-10,43.2577,92.5857,5.653,9.8774,257.6464,30.4418,11.4918,130.1818
2018-04-11,43.1849,92.2266,5.674,9.8902,252.8152,30.0308,11.4264,129.6699
2018-04-12,43.5918,93.5107,5.8124,10.0366,258.6996,30.5621,11.3577,130.5642
2018-04-13,43.7154,93.1715,5.8211,9.9909,257.5039,30.0582,11.298,130.5083
2018-04-16,43.9117,94.1355,5.7672,10.0589,258.823,29.9053,11.3892,132.1007
2018-04-17,44.469,96.0475,5.8805,10.4348,255.56,30.1124,11.3814,130.1129
2018-04-18,44.4873,96.3026,5.914,10.4925,254.4611,29.7541,11.3797,127.8966
2018-04-19,43.4099,96.0873,5.7405,10.1249,254.3817,30.0137,10.9809,127.4811
2018-04-20,41.7681,94.9585,5.7381,10.0159,253.2039,30.2896,10.8789,126.8563
2018-04-23,41.3961,95.3901,5.66,10.0615,248.5419,30.2885,10.9753,126.697
2018-04-24,40.9055,93.8609,5.5815,10.133,243.9628,30.4033,11.0345,126.4657
2018-04-25,41.053,91.8509,5.3945,9.8711,238.9798,30.1007,11.0599,126.1268
2018-04-26,41.1057,94.3821,5.5947,10.9555,240.3404,30.1338,11.4064,128.1212
2018-04-27,40.5722,95.7011,5.6785,11.1447,240.1761,30.123,11.4779,128.2152
2018-04-30,41.3794,94.2474,5.6457,10.9663,239.7847,30.1515,11.4416,127.2274
2018-05-01,42.2826,94.1996,5.62,11.0014,235.6058,29.7933,11.2263,125.6596
2018-05-02,44.0306,94.0165,5.6816,11.0376,235.6062,29.8133,11.2,124.2835
2018-05-03,44.0252,93.7028,5.7509,10.9429,230.9924,29.0003,11.1174,122.4923
2018-05-04,45.6386,94.745,5.9119,11.2135,235.1645,29.2854,11.3102,123.3952
2018-05-07,46.554,96.1875,6.2107,11.5439,237.0587,29.553,11.3677,124.1151
2018-05-08,46.3212,95.6438,6.2269,11.5343,238.1163,29.9058,11.2833,122.6071
2018-05-09,46.6121,96.3496,6.3395,11.9036,240.2264,30.5303,11.0804,123.2863
2018-05-10,47.3399,97.6375,6.4591,12.086,243.4111,30.8542,11.1812,125.277
2018-05-11,47.1919,97.509,6.3899,11.8749,243.1608,30.9228,11.1879,126.7102
2018-05-14,47.1584,98.0923,6.4127,12.261,244.6677,31.1341,11.2062,126.3831
2018-05-15,46.5342,97.0018,6.1445,12.3555,242.1062,31.1673,11.1839,125.0131
2018-05-16,46.9165,97.0465,6.15,12.8338,241.2449,31.1064,11.3421,125.4352
2018-05-17,46.8974,96.5689,6.218,12.8117,240.1867,30.8609,11.4426,124.1948
2018-05-18,46.7305,96.4965,6.2249,13.1007,237.5991,30.4384,11.346,124.0508
2018-05-21,47.0207,97.5369,6.1185,13.0549,238.4842,30.5713,11.5067,124.0497
2018-05-22,46.8904,97.5935,6.0633,12.949,239.3375,30.8998,11.5729,123.0632
2018-05-23,46.791,97.952,6.112,13.0838,236.2714,30.3807,11.4216,123.3707
2018-05-24,46.9695,98.0448,6.1936,13.2499,235.6996,30.132,11.6003,122.175
2018-05-25,47.2199,98.4808,6.2222,13.5487,235.1068,30.0423,11.526,121.7202
2018-05-29,46.9229,97.942,6.2249,13.4085,227.8617,29.1422,11.45,119.397
2018-05-30,46.827,98.723,6.2958,13.7719,228.4739,29.4269,11.5577,120.8058
2018-05-31,46.7823,99.0883,6.3381,13.7958,225.4907,29.0273,11.5298,120.0338
2018-06-01,47.3789,100.3565,6.4052,14.25,229.02,29.446,11.6957,120.7906
2018-06-04,48.0584,101.4713,6.5627,14.7492,229.849,29.4203,11.7353,121.8905
2018-06-05,48.3029,102.0399,6.626,14.8135,228.3971,29.1552,11.8021,121.5851
2018-06-06,48.3226,102.3496,6.5887,15.4604,231.3828,29.8146,11.9263,122.4311
2018-06-07,48.3307,101.1905,6.5577,15.1942,234.1583,30.1335,12.0465,123.0973
2018-06-08,47.74,101.3775,6.5551,15.0674,233.3856,29.946,12.0914,124.0856
2018-06-11,47.8011,101.1276,6.5331,15.6029,234.3672,30.2066,12.0771,123.2369
2018-06-12,47.951,101.1878,6.5423,15.7306,233.0425,29.9991,12.1011,122.4898
2018-06-13,47.8932,101.1922,6.5985,16.2975,235.0491,29.9819,12.0286,123.1125
2018-06-14,47.7265,101.48,6.6786,16.3545,233.684,29.5431,11.8986,122.4694
2018-06-15,47.2652,100.6218,6.6383,16.2861,231.479,29.2048,11.8822,122.3421
2018-06-18,47.155,100.653,6.5989,16.9818,230.5356,29.314,11.9707,121.005
2018-06-19,46.3223,100.4053,6.4637,16.7075,227.794,29.1841,11.802,122.2648
2018-06-20,46.6308,101.871,6.5606,16.659,227.9194,29.295,11.9137,122.0767
2018-06-21,46.5055,101.4062,6.4784,15.9614,226.7884,29.2517,11.7107,121.5802
2018-06-22,46.3096,100.2745,6.3057,15.7555,227.4874,29.1296,11.6885,122.8526
2018-06-25,45.59,98.4784,5.9885,15.0411,221.7935,28.4854,11.4806,122.5955
2018-06-26,46.187,99.3775,6.0629,15.4133,221.3904,28.3881,11.5502,122.3073
2018-06-27,46.3712,98.6803,6.009,15.2988,222.3399,28.5054,11.5029,122.0389
2018-06-28,46.2875,98.3386,5.9793,15.1476,222.9586,28.6334,11.2462,121.7891
2018-06-29,46.4692,99.0339,5.9752,15.1562,222.7285,28.657,11.1751,121.9556
2018-07-02,46.5618,99.2708,5.9801,15.021,221.8411,28.1302,11.001,121.1139
2018-07-03,46.4616,99.653,5.9936,15.1583,221.5561,28.0194,11.0325,122.7495
2018-07-05,46.371,99.6025,6.0173,15.3481,220.6282,27.9392,11.0672,124.5634
2018-07-06,46.8394,100.8864,6.1377,16.1621,221.9686,28.0113,11.0381,125.4606
2018-07-09,47.555,101.714,6.2022,16.4604,226.8787,28.8207,11.1924,126.1656
2018-07-10,47.6624,102.1657,6.3099,16.5372,227.4499,28.9272,11.2263,126.9796
2018-07-11,47.0876,101.9389,6.2134,16.2952,226.1733,28.7301,11.0844,126.4969
2018-07-12,47.668,103.8362,6.2911,16.6018,226.8282,28.7772,11.0466,127.6293
2018-07-13,47.8576,105.0478,6.2347,16.3418,226.4536,28.491,10.9753,126.1771
2018-07-16,47.8142,105.0953,6.2162,16.7531,229.9914,29.4385,10.834,124.7271
2018-07-17,47.7309,105.6378,6.2799,16.7062,229.1205,30.0095,10.8593,129.1258
2018-07-18,47.5987,105.1398,6.2966,16.7528,231.8485,30.0975,10.8566,127.7543
2018-07-19,47.9523,104.7124,6.2969,16.6918,230.2575,29.7888,10.8184,126.3464
2018-07-20,47.8918,106.992,6.2982,16.6678,231.334,29.9839,10.5637,125.7529
2018-07-23,47.7305,107.6482,6.1884,16.3744,233.8229,30.6553,10.4659,126.2777
2018-07-24,48.2107,107.8728,6.2742,16.3701,236.0689,30.8733,10.6089,128.8068
2018-07-25,48.4394,109.5919,6.2565,16.182,235.4861,30.8836,10.2857,128.4365
2018-07-26,48.6784,109.9788,6.3529,17.8448,237.291,31.0268,9.9795,130.4879
2018-07-27,48.0499,107.936,6.3309,19.0244,237.665,30.9947,9.9646,131.447
2018-07-30,47.5022,105.6667,6.1509,19.661,238.4377,31.3174,10.0447,132.0527
2018-07-31,47.9301,106.1383,6.1367,18.7567,237.5865,31.0053,10.0534,132.3065
2018-08-01,49.9819,106.0846,6.153,18.6323,237.1838,31.3664,9.9032,132.5883
2018-08-02,51.4649,107.0109,6.1988,18.6136,234.1033,31.1586,9.9328,132.0099
2018-08-03,51.834,107.6245,6.2987,18.5831,234.3717,31.4237,10.0246,131.9038
2018-08-06,52.1243,108.0653,6.3098,19.0808,235.4955,31.4849,10.0193,132.039
2018-08-07,51.8984,108.769,6.416,19.4217,238.2532,31.6429,10.0775,131.6601
2018-08-08,51.6997,109.2824,6.4718,19.5107,237.6419,31.7756,10.0635,131.3066
2018-08-09,52.2695,109.8792,6.435,19.336,234.7711,31.6422,9.9495,131.0678
2018-08-10,51.9733,109.1356,6.3544,19.1221,229.6462,31.1444,9.764,130.7766
2018-08-13,52.3936,108.6397,6.4544,19.6644,227.7139,30.7311,9.501,130.3311
2018-08-14,52.3732,109.2305,6.5093,20.0025,229.269,30.7148,9.5247,129.6728
2018-08-15,52.3546,107.5804,6.4677,19.6423,229.6385,30.336,9.4038,129.9362
2018-08-16,53.255,107.9082,6.4025,19.5152,232.4979,30.7368,9.5417,132.1315
2018-08-17,54.0149,107.2983,6.1683,19.5224,233.1353,30.7189,9.534,134.0453
2018-08-20,54.1174,106.9667,6.1297,19.7522,235.3235,30.8007,9.6912,136.5694
2018-08-21,53.9052,106.4864,6.2932,20.2528,238.4308,31.0942,9.8375,135.6271
2018-08-22,53.7963,106.6627,6.4894,20.6388,238.9588,30.9821,9.7253,134.795
2018-08-23,53.989,107.7031,6.6689,21.8784,237.0023,30.8353,9.6267,134.9909
2018-08-24,54.0207,108.2413,6.7752,23.3959,235.7145,30.9309,9.6713,135.7376
2018-08-27,54.4479,109.2539,6.899,25.7478,241.9872,31.3514,9.9549,134.8347
2018-08-28,54.9247,110.1684,6.8245,24.9874,243.4151,31.278,10.0139,134.2951
2018-08-29,55.4593,111.5796,6.9333,24.6711,241.7005,31.1975,9.9649,134.6508
2018-08-30,56.3121,112.0325,6.9795,25.1864,239.5126,31.0457,9.7593,135.0505
2018-08-31,56.9216,112.1925,7.0078,25.0412,238.1636,30.8244,9.4978,134.5153
2018-09-04,57.0274,111.403,7.0822,27.2498,236.7915,31.0458,9.4767,133.8454
2018-09-05,56.8047,109.0066,6.9675,28.3801,237.8288,31.1066,9.4868,135.3153
2018-09-06,55.8938,108.3969,6.8389,27.9132,235.2597,30.8861,9.4442,136.4438
2018-09-07,55.7917,108.2165,6.8286,27.6726,234.0731,30.8831,9.33,136.9793
2018-09-10,54.5691,109.1765,6.8543,29.0136,232.7742,30.8349,9.4056,137.5002
2018-09-11,55.4857,110.8503,6.8402,29.9541,230.0268,30.8305,9.3033,138.5047
2018-09-12,55.4357,111.364,6.6611,31.0451,228.542,30.5168,9.3538,139.3028
2018-09-13,56.4775,112.8916,6.8123,32.2529,228.5146,30.2805,9.3616,139.7836
2018-09-14,56.087,113.2611,6.9189,31.9907,229.5729,30.3112,9.42,139.4343
2018-09-17,54.9056,112.5498,6.8818,32.5525,227.9898,30.249,9.5387,139.8902
2018-09-18,54.8653,113.2633,6.8497,32.0404,228.5745,30.2631,9.5736,140.4316
2018-09-19,54.359,111.7803,6.7709,31.1196,234.5247,30.9017,9.7846,140.4036
2018-09-20,55.1929,113.4,6.6586,31.2708,237.3458,31.2732,9.8053,141.7315
2018-09-21,54.586,114.1735,6.6187,31.5004,236.4509,31.0887,9.8447,142.5679
2018-09-24,54.8693,114.1959,6.6026,32.047,233.1828,30.8189,9.606,140.7989
2018-09-25,55.4165,114.3534,6.6949,32.8345,232.7915,30.7983,9.4402,139.1871
2018-09-26,55.4675,114.3985,6.6934,32.1397,230.3859,30.3883,9.3133,138.8899
2018-09-27,56.2867,114.5605,6.6871,32.1123,228.2386,30.0539,9.2439,138.6285
2018-09-28,56.299,114.2546,6.9644,31.1914,225.1007,29.5645,9.2147,138.1565
2018-10-01,56.999,115.4232,7.2193,31.4113,225.9177,29.6825,9.3751,139.3252
2018-10-02,57.2614,115.2686,7.2307,29.7254,225.4799,29.4759,9.2382,140.3823
2018-10-03,58.0587,115.5153,7.1607,27.8003,228.1673,29.9875,9.191,139.7044
2018-10-04,57.2097,112.8634,6.998,27.9279,228.1837,30.4635,9.1511,138.6278
2018-10-05,56.1078,112.0292,6.7964,27.6126,225.6822,30.2738,9.1407,139.0486
2018-10-08,55.7109,110.7949,6.631,26.6157,225.0647,30.1666,9.2076,139.2874
2018-10-09,56.4055,112.2135,6.637,27.0996,223.4643,30.0312,9.0318,139.0041
2018-10-10,55.2396,108.1315,6.3126,25.7089,218.0872,29.679,8.8874,138.7789
2018-10-11,53.9455,106.8336,6.0045,25.4746,213.6646,28.6885,8.8684,135.2713
2018-10-12,55.1283,108.7379,6.1317,26.207,214.0264,28.329,8.675,133.5564
2018-10-15,54.671,108.1725,5.976,26.2567,215.6393,28.0058,8.799,134.3505
2018-10-16,55.0193,110.4576,6.0581,27.28,219.4971,28.2718,8.7876,136.4692
2018-10-17,55.2595,110.5309,6.1003,27.427,226.6466,28.7546,8.747,138.9862
2018-10-18,54.258,108.8337,6.0295,26.9147,225.8073,28.4071,8.5819,138.9317
2018-10-19,54.8459,109.2686,5.8155,25.0795,226.9525,28.3441,8.4292,139.1654
2018-10-22,55.3197,109.5877,5.772,24.8999,223.4922,27.5878,8.3789,138.5863
2018-10-23,54.7125,107.0477,5.5143,24.7352,217.3974,26.8024,8.487,138.4304
2018-10-24,54.8292,104.8057,5.2232,22.6796,212.1733,26.4506,8.3497,138.8198
2018-10-25,54.8501,107.9947,5.0327,19.2676,213.2101,26.6565,8.8591,137.9415
2018-10-26,54.0619,106.6866,4.9687,17.8275,211.9691,26.285,8.9635,137.0184
2018-10-29,53.649,105.0361,4.7812,17.3289,215.2518,26.8203,9.3948,137.6776
2018-10-30,53.2018,102.5724,4.8669,16.7953,218.3118,26.5919,9.4686,139.824
2018-10-31,54.7189,107.1448,5.2347,17.8491,226.2335,27.5655,9.5303,140.3844
2018-11-01,54.3946,106.1695,5.3589,19.4344,226.9759,27.7777,9.3417,140.8298
2018-11-02,52.0234,106.0177,5.3829,20.1559,228.9618,27.8673,9.362,140.4484
2018-11-05,50.2271,106.8289,5.2326,19.4598,228.4317,28.0751,9.4975,142.1666
2018-11-06,50.8125,107.5818,5.3107,20.7262,227.9911,28.0766,9.515,142.4052
2018-11-07,51.8229,111.4774,5.3582,21.7141,230.0887,28.4033,9.5661,144.43
2018-11-08,52.0297,111.4801,5.1753,21.4139,232.2474,28.881,9.4993,145.1651
2018-11-09,51.027,109.6478,5.1339,20.6801,225.8859,28.5709,9.4252,145.3376
2018-11-12,48.9112,107.2495,4.8031,19.4037,209.3588,27.9015,9.5141,145.6098
2018-11-13,48.4446,107.5414,4.975,19.5615,205.7945,27.8865,9.5761,144.8388
2018-11-14,47.166,105.7192,4.984,20.4196,202.1787,27.3465,9.5342,144.388
2018-11-15,47.472,106.3156,4.7781,21.0576,202.3494,27.6325,9.2762,143.7187
2018-11-16,48.2946,108.0264,4.1394,20.3964,202.4322,27.7283,9.0928,145.7726
2018-11-19,46.7418,104.9292,3.8022,19.5845,198.9583,27.7706,9.2086,147.5285
2018-11-20,44.6213,101.5923,3.6573,18.7456,192.4447,27.3774,9.0934,147.1653
2018-11-21,44.489,103.4887,3.6821,19.1694,193.2242,27.4813,9.1268,142.3381
2018-11-23,43.4821,103.1392,3.6722,19.4809,189.8784,27.0359,9.1343,142.2437
2018-11-26,43.2659,105.6641,3.7456,19.6082,193.9068,27.4908,9.4077,141.1733
2018-11-27,43.3367,106.6972,3.8423,20.8446,193.3404,27.7219,9.3073,141.6147
2018-11-28,44.5617,109.9457,3.928,20.891,196.4963,28.1598,9.3276,145.5464
2018-11-29,44.8368,110.2014,3.9573,21.2481,195.2222,28.11,9.361,146.1023
2018-11-30,44.5805,110.4543,4.0418,20.9849,189.9281,28.3183,9.4192,146.3006
2018-12-03,45.7535,112.0114,4.2627,23.2307,193.0459,28.6148,9.6921,145.9947
2018-12-04,44.678,109.9599,4.0376,22.1491,186.0119,27.2162,9.3103,146.9592
2018-12-06,43.128,107.4382,3.8703,20.9144,182.3206,25.9389,9.0011,144.683
2018-12-07,42.5991,106.1258,3.7541,20.05,180.8832,25.6673,8.9082,145.4573
2018-12-10,41.7421,106.1469,3.7706,19.7958,177.7104,24.6845,8.5177,144.4177
2018-12-11,42.2395,109.2085,3.7443,20.2696,178.5037,24.9013,8.6144,146.631
2018-12-12,42.568,110.0983,3.7403,20.5325,178.1661,24.6912,8.6588,147.6994
2018-12-13,42.7426,109.3842,3.7444,20.1573,176.3538,24.4502,8.5331,147.7322
2018-12-14,41.6636,107.099,3.6969,20.2003,173.9397,24.6018,8.5716,134.7944
2018-12-17,41.3605,103.429,3.6171,19.2561,168.8565,24.5787,8.5508,129.072
2018-12-18,41.4753,103.607,3.7015,19.5282,171.4515,24.6748,8.5257,130.891
2018-12-19,40.812,104.2944,3.5493,18.8476,171.1153,24.6148,8.4077,129.0203
2018-12-20,39.6012,101.4997,3.4124,18.0467,169.088,24.1356,8.2868,128.2914
2018-12-21,38.2507,99.4737,3.2902,17.3455,163.4007,23.7154,8.1544,128.4065
2018-12-24,37.1895,95.6806,3.1922,16.7916,157.4332,22.9213,7.7509,124.0635
2018-12-26,37.9164,97.8411,3.2184,16.814,157.6141,23.4837,7.6708,124.5511
2018-12-27,38.3376,98.8587,3.2212,17.0927,161.7115,23.9231,7.6705,125.4661
2018-12-28,39.0996,100.8317,3.3504,17.8224,163.8864,24.4973,7.8498,127.589
2018-12-31,39.4213,101.3798,3.344,18.2361,165.9153,24.5714,7.6205,128.8705
2019-01-02,38.8871,100.693,3.3893,18.6028,170.3206,24.8552,7.8642,127.5589
2019-01-03,35.895,98.2312,3.2378,17.4289,169.7619,24.6643,7.8608,126.0375
2019-01-04,36.7049,101.4444,3.364,18.4672,174.6703,25.3676,8.0189,127.7585
2019-01-07,36.8423,102.275,3.547,20.0822,175.8129,25.5712,8.2572,127.4251
2019-01-08,37.5382,102.7505,3.4971,20.3999,174.8213,25.3502,8.4135,129.3503
2019-01-09,38.2344,104.1886,3.5559,20.6972,176.1223,25.6774,8.657,129.2136
2019-01-10,38.1879,103.2642,3.5902,19.4479,176.4158,25.6383,8.6565,129.2997
2019-01-11,38.0991,102.3999,3.6923,19.9859,175.2139,25.8228,8.8178,129.1689
2019-01-14,37.5041,101.98,3.7412,20.3105,178.1582,26.2853,8.974,128.3
2019-01-15,38.0894,104.5025,3.7792,20.4648,178.4669,26.4549,8.8423,128.9456
2019-01-16,38.7364,105.4535,3.7523,20.0798,193.6123,28.3408,8.4376,128.2772
2019-01-17,38.7477,105.7275,3.7524,19.8114,196.7713,28.6603,8.3194,128.8668
2019-01-18,39.2336,107.2599,3.895,20.6659,200.9737,29.175,8.5289,130.3803
2019-01-22,38.5607,105.9292,3.7601,20.1777,197.9835,29.0732,8.5093,128.4111
2019-01-23,38.3582,106.2944,3.7658,19.9464,196.6057,28.9506,8.3573,128.6359
2019-01-24,38.1706,106.063,3.9157,20.642,198.0315,28.99,8.5613,126.9138
2019-01-25,39.2127,107.2114,3.9052,21.4333,200.5567,29.4586,8.8665,128.0314
2019-01-28,38.8396,105.1142,3.4252,20.4269,198.8305,29.5664,8.6817,128.4266
2019-01-29,39.1956,103.1184,3.3412,19.682,200.1579,29.4521,8.7397,130.0639
2019-01-30,40.8101,105.2969,3.3768,22.2472,201.5715,29.2312,8.6252,131.3496
2019-01-31,41.7712,104.3492,3.5617,24.4392,198.3591,28.3322,8.7592,133.6627
2019-02-01,41.7884,103.1187,3.6291,24.4788,197.875,28.5484,8.7011,134.1458
2019-02-04,42.609,105.1362,3.7181,24.3253,196.5692,28.8006,8.6584,132.7486
2019-02-05,43.502,106.8994,3.7438,23.4099,197.98,28.7154,8.7108,133.0875
2019-02-06,43.5667,106.0969,3.8369,23.5908,196.9591,28.6915,8.7391,133.0265
2019-02-07,42.9095,105.0665,3.6948,22.712,192.838,28.1557,8.3694,131.9168
2019-02-08,42.451,105.1134,3.6583,22.7501,190.5091,28.1627,8.2882,132.029
2019-02-11,42.4874,105.476,3.6648,22.9516,191.7345,28.3639,8.3439,131.7736
2019-02-12,42.5964,106.7046,3.759,23.1322,194.637,28.7048,8.4381,133.6978
2019-02-13,42.7437,107.1006,3.8406,22.9994,196.4286,28.8001,8.4429,134.2893
2019-02-14,42.6649,106.672,3.9191,23.0592,192.3952,28.3926,8.4329,134.196
2019-02-15,42.6236,107.9242,3.9769,23.6876,197.4972,29.0793,8.5343,135.851
2019-02-19,42.6366,108.2393,3.9561,24.1375,197.5517,29.0074,8.7493,135.9378
2019-02-20,43.0665,107.1461,3.9896,24.1261,198.3932,29.2774,8.9343,136.229
2019-02-21,42.7832,108.668,3.9244,24.0918,196.684,29.2686,8.7916,134.9563
2019-02-22,43.091,110.7649,3.9738,24.095,196.045,29.0617,8.6548,136.2002
2019-02-25,43.7151,111.7237,4.0332,25.0794,199.7941,29.4098,8.7754,136.6309
2019-02-26,43.5947,112.5053,3.9456,24.366,199.294,29.3661,8.864,136.3053
2019-02-27,43.5158,111.9128,3.8896,23.5358,198.412,29.5043,8.8137,135.9275
2019-02-28,43.4325,112.1862,3.8634,23.4168,196.8714,29.2525,8.7052,136.9281
2019-03-01,43.5693,112.4235,3.908,23.7859,198.7345,29.4023,8.7822,137.9417
2019-03-04,43.9892,112.0564,3.9186,23.5203,196.5861,29.1119,8.8478,138.3775
2019-03-05,43.8465,111.7105,3.9112,23.4217,194.881,28.9884,8.7688,138.8337
2019-03-06,43.6861,111.9181,3.8372,22.7535,195.2051,28.9639,8.6175,138.9683
2019-03-07,43.2639,110.5109,3.7353,22.069,191.7451,28.4615,8.4816,138.1964
2019-03-08,42.9599,109.7913,3.7261,21.6708,194.2955,28.4694,8.4262,137.4724
2019-03-11,44.545,112.5767,3.9757,22.7403,196.8654,28.94,8.5841,138.4159
2019-03-12,45.2804,113.5563,4.0612,23.3212,196.6638,28.9911,8.5939,139.2818
2019-03-13,45.4885,114.5093,4.2004,23.755,197.8564,29.324,8.5551,139.4069
2019-03-14,45.8882,114.696,4.1785,23.0076,197.5003,29.496,8.457,138.2096
2019-03-15,46.4607,116.0524,4.2492,23.3958,197.7408,29.3851,8.418,137.7189
2019-03-18,46.9156,117.1326,4.2554,23.3233,202.3395,29.8008,8.5096,137.1137
2019-03-19,46.8458,117.6494,4.3881,25.1686,203.5149,29.84,8.7634,138.2617
2019-03-20,46.8448,117.5995,4.3821,25.8625,196.2988,29.1017,8.5281,137.4591
2019-03-21,48.5783,119.2963,4.538,27.244,193.7611,28.2564,8.6263,138.1467
2019-03-22,48.4674,117.9472,4.4922,26.8151,189.9209,27.0953,8.5727,137.3932
2019-03-25,47.22,117.397,4.3389,26.1193,188.55,26.8913,8.5408,136.4513
2019-03-26,47.347,117.7242,4.4535,26.1814,190.3064,27.1014,8.6784,138.5013
2019-03-27,47.1266,116.7193,4.4033,24.9389,190.3628,27.1472,8.677,138.6967
2019-03-28,47.104,116.8532,4.4371,25.1687,190.4136,27.2157,8.7796,139.0301
2019-03-29,47.3815,117.7111,4.479,25.4602,191.9296,27.5048,8.7727,139.5254
2019-04-01,47.5903,118.8377,4.5526,26.1916,196.3569,28.4316,8.9602,139.301
2019-04-02,48.2881,119.1019,4.5756,26.4841,197.0443,28.7238,8.9768,137.7935
2019-04-03,48.8239,119.8401,4.7186,29.1515,199.9435,28.8824,9.1715,137.4587
2019-04-04,48.9187,119.2273,4.6976,28.9536,202.4546,29.1488,9.2433,135.7153
2019-04-05,49.1644,119.8557,4.7619,29.0647,202.9568,29.1477,9.1926,136.0758
2019-04-08,49.7576,119.6461,4.7699,28.5617,202.2964,29.0994,9.2759,136.0544
2019-04-09,50.2263,119.1812,4.727,27.5864,200.3635,28.8903,9.2165,135.3914
2019-04-10,49.8803,120.0469,4.7927,27.7177,202.0886,28.9717,9.2964,135.6227
2019-04-11,49.928,120.2332,4.7888,27.7974,203.2876,29.1923,9.3832,135.1164
2019-04-12,49.5873,120.7266,4.7715,27.9372,207.8901,30.007,9.492,135.8148
2019-04-15,49.75,121.0318,4.6279,27.2734,201.8922,29.8217,9.3117,136.4386
2019-04-16,49.978,120.9975,4.6874,27.9362,201.3419,29.5406,9.3384,139.1038
2019-04-17,50.4613,121.3243,4.7012,27.5536,206.2121,29.9062,9.5039,138.91
2019-04-18,50.8719,122.6744,4.6664,27.6314,206.3099,30.028,9.5659,137.6495
2019-04-22,51.0634,123.5817,4.6851,27.9601,204.8365,30.0272,9.4959,137.697
2019-04-23,51.6252,124.9316,4.7732,28.0115,204.1056,30.0833,9.4262,139.8178
2019-04-24,51.9161,125.5092,4.7763,28.4933,201.4293,30.0384,9.5314,139.4962
2019-04-25,51.5108,129.7507,4.6635,27.8063,201.4006,30.1288,9.5176,139.2054
2019-04-26,51.0253,129.6867,4.4213,27.5474,202.0107,30.2414,10.3072,140.1081
2019-04-29,51.2354,129.798,4.4658,27.6934,206.5488,30.956,10.2918,139.9617
2019-04-30,50.5785,130.2384,4.5107,27.7376,205.8573,30.5796,10.4232,140.8108
2019-05-01,53.1677,129.1234,4.5691,27.9404,205.7163,30.4496,10.3773,141.6493
2019-05-02,52.5388,126.5615,4.5647,27.9916,204.8481,30.4036,10.2982,140.9908
2019-05-03,52.7894,128.5622,4.5629,28.043,207.379,30.7105,10.4016,141.8057
2019-05-06,51.8274,127.7852,4.4493,27.1875,204.8079,30.4051,10.3261,141.4688
2019-05-07,50.8923,125.4257,4.3503,26.7897,202.3735,29.9027,10.3577,139.7945
2019-05-08,50.9267,125.6306,4.3796,27.243,201.7754,29.9257,10.3721,140.1041
2019-05-09,49.8333,124.7066,4.2224,26.7435,200.0357,29.5539,10.1935,138.5109
2019-05-10,49.0126,125.9464,4.1915,27.4729,200.7344,29.5251,10.3038,138.222
2019-05-13,46.6878,123.8184,4.0184,26.4851,195.4381,28.4004,10.1338,137.1876
2019-05-14,46.9941,124.9585,4.041,26.9045,196.7629,28.6836,10.2155,137.0495
2019-05-15,47.4348,125.6924,3.9954,27.4754,196.0726,28.2678,10.3121,136.8991
2019-05-16,47.6079,128.7412,4.0394,27.9623,199.0707,28.6934,10.3906,138.2093
2019-05-17,47.2264,128.8576,3.9913,27.9574,197.6989,28.4503,10.3476,138.2675
2019-05-20,45.6834,126.5523,3.8136,26.784,196.8871,28.4056,10.2582,138.3297
2019-05-21,46.685,127.0378,3.8644,27.2009,198.7837,28.6417,10.2132,138.6241
2019-05-22,45.925,127.57,3.8202,27.339,196.2353,28.5013,10.0347,138.4503
2019-05-23,44.8336,125.6866,3.669,26.3626,191.1349,27.7409,9.8034,138.8672
2019-05-24,45.0317,126.5694,3.6684,26.6001,192.601,28.0934,9.8511,139.0075
2019-05-28,44.7178,126.806,3.6138,28.6985,190.401,28.0594,9.8127,137.7828
2019-05-29,44.3896,124.8637,3.516,28.3431,187.0747,27.6422,9.6598,130.74
2019-05-30,44.4919,125.3101,3.4917,28.1731,187.2336,27.3275,9.7387,132.0691
2019-05-31,44.0876,123.7612,3.4207,27.8347,183.3305,26.6727,9.4703,131.058
2019-06-03,43.5999,120.9505,3.3725,28.4575,182.304,26.6965,9.5611,131.709
2019-06-04,44.5316,122.2941,3.5141,28.823,188.4989,27.6955,9.888,133.6413
2019-06-05,45.7111,125.2254,3.5402,29.5119,188.2475,27.8004,9.7581,134.495
2019-06-06,45.9951,126.8944,3.5762,31.2055,189.0329,27.8023,9.738,136.6412
2019-06-07,47.4457,131.2595,3.6405,32.0551,189.7776,27.5486,9.7627,138.8078
2019-06-10,48.3259,133.0596,3.7379,33.6604,194.8573,28.244,9.8765,138.6144
2019-06-11,48.6678,132.2526,3.7697,32.5029,194.6262,28.3689,9.9053,139.9326
2019-06-12,48.6468,131.2391,3.6686,32.2092,190.7523,27.9992,9.8771,141.667
2019-06-13,48.7626,132.0988,3.6945,31.5905,191.4467,28.0046,9.9912,140.64
2019-06-14,48.0462,132.5202,3.6022,30.3547,191.0548,27.9641,9.9801,140.3426
2019-06-17,48.5258,132.9894,3.6378,29.6668,191.7547,28.0462,10.0313,139.5556
2019-06-18,49.6892,134.8074,3.8184,30.4488,195.1232,28.5092,10.1172,140.3124
2019-06-19,49.5686,135.0506,3.8272,30.439,196.0894,28.6552,10.0875,140.4411
2019-06-20,49.8312,136.7466,3.8735,30.5414,195.581,28.1462,10.0238,141.988
2019-06-21,49.8109,136.998,3.821,29.5297,196.2579,28.2417,9.9818,141.7365
2019-06-24,49.7904,137.8217,3.8172,29.1012,197.7675,28.1024,9.9684,143.1367
2019-06-25,49.2731,134.3793,3.8355,29.2066,195.9458,27.6951,9.8862,144.1329
2019-06-26,49.9958,134.5203,3.9955,30.0826,197.062,27.9713,9.8966,141.9177
2019-06-27,50.0388,134.1368,4.0713,30.6114,198.8858,28.2236,10.1671,141.0133
2019-06-28,49.4973,133.8043,4.1002,30.5736,204.3398,29.0056,10.2478,139.1999
2019-07-01,50.5824,135.7229,4.2024,31.4115,207.2996,29.502,10.2006,139.4182
2019-07-02,50.5816,136.0982,4.0862,31.0153,205.3238,29.1766,10.1151,139.496
2019-07-03,50.9358,137.1935,4.0453,31.0208,206.1798,29.0394,10.2366,141.732
2019-07-05,51.0592,136.5848,3.9853,31.2239,207.4727,29.2736,10.2042,140.7576
2019-07-08,49.9456,136.4119,3.9282,31.7878,205.9161,29.1713,10.2117,140.7416
2019-07-09,50.1446,136.4474,3.9258,32.7252,206.4147,29.3027,10.1427,141.3711
2019-07-10,50.7679,137.7554,4.0102,33.7478,206.7412,29.1083,10.1702,141.401
2019-07-11,50.7619,138.4793,4.1387,33.3499,210.3986,29.3014,10.1558,139.7095
2019-07-12,50.8533,138.7638,4.2153,33.013,213.0522,29.4474,10.4335,134.6034
2019-07-15,51.2542,138.8712,4.1786,34.1187,211.4374,29.2181,10.411,134.9415
2019-07-16,51.1838,137.3667,4.1693,34.2298,215.0292,29.0284,10.4525,132.7984
2019-07-17,51.0522,137.0052,4.2235,33.9196,214.2883,29.3358,10.367,132.137
2019-07-18,51.2703,136.0649,4.2436,32.9299,214.5055,29.4406,10.2525,131.8927
2019-07-19,51.0647,138.2755,4.2568,32.8697,214.4302,29.5049,10.2536,130.9608
2019-07-22,51.5456,138.4063,4.2702,32.9914,213.6524,29.51,10.0647,128.4514
2019-07-23,52.0334,138.87,4.3568,33.2197,218.3327,30.1478,10.1131,128.6909
2019-07-24,52.0614,140.0648,4.4303,34.0553,220.9028,30.5763,10.2186,129.397
2019-07-25,51.9397,140.1015,4.3587,33.9034,219.4451,30.469,9.5896,130.9277
2019-07-26,52.0493,141.1647,4.3924,34.2049,221.4252,30.7485,9.5856,130.7273
2019-07-29,52.462,140.6772,4.3483,33.4169,220.8445,30.6571,9.6181,132.5965
2019-07-30,52.5065,140.556,4.3603,33.2449,220.2572,30.6475,9.5231,131.9997
2019-07-31,54.2863,137.7819,4.2738,31.0939,220.5982,30.7919,9.5255,130.798
2019-08-01,53.0459,138.9988,4.1828,30.443,214.0034,30.069,9.4176,130.012
2019-08-02,50.9767,136.3743,4.0267,29.3166,208.0943,29.2204,9.2831,130.5882
2019-08-05,48.6578,132.5302,3.7791,28.0484,201.8856,28.0536,9.1866,130.0464
2019-08-06,49.0696,134.3967,3.8084,28.5804,204.0162,28.0864,9.4476,130.5846
2019-08-07,49.2889,134.4,3.8148,28.9791,203.1848,27.5323,9.4815,129.8185
2019-08-08,50.4796,138.0571,3.9222,33.0667,206.5049,28.345,9.5571,131.3807
2019-08-09,50.3039,137.7565,3.851,34.2958,206.1222,28.2334,9.4885,132.0415
2019-08-12,50.2032,136.266,3.8022,33.3157,202.1021,27.6302,9.3436,132.2107
2019-08-13,52.1578,138.1002,3.8893,32.4317,204.4699,27.9157,9.3097,133.4024
2019-08-14,50.9787,134.6245,3.7601,30.2011,196.659,26.5667,9.0248,131.0532
2019-08-15,50.5156,133.5045,3.7715,29.8862,195.5499,26.431,8.8784,130.2791
2019-08-16,51.4764,135.7616,3.9785,31.0135,199.3334,26.8938,8.9356,131.2305
2019-08-19,52.8601,138.0571,4.2184,31.78,202.7535,27.3007,9.0557,132.2358
2019-08-20,52.8739,137.7411,4.2044,30.8555,200.6647,26.8411,8.994,130.9299
2019-08-21,53.2162,138.7846,4.2963,31.4135,201.0287,26.93,9.025,131.4653
2019-08-22,53.1643,137.6093,4.2926,31.5744,202.4326,27.1627,9.0674,131.4366
2019-08-23,51.2925,134.5182,4.1173,30.4935,197.4333,26.7601,8.8217,128.6013
2019-08-26,51.5434,134.9855,4.1339,30.3212,198.9594,26.6682,8.8314,127.9421
2019-08-27,51.2932,135.8088,4.0729,30.1686,198.1836,26.4843,8.8049,130.5494
2019-08-28,51.2324,135.0154,4.0368,30.7057,199.8548,26.7991,8.9565,128.0523
2019-08-29,52.1302,137.9725,4.1756,31.5848,203.3952,27.2589,9.1002,128.1148
2019-08-30,52.1128,137.5733,4.2095,31.4658,204.1937,27.5207,9.1604,128.3155
2019-09-03,51.3551,136.2774,4.1064,30.8808,198.3411,26.9037,9.1088,128.5452
2019-09-04,52.1505,137.2819,4.2056,31.3156,201.4176,27.3819,9.1892,128.6836
2019-09-05,53.2207,139.6884,4.4507,31.5707,207.2983,28.1992,9.3466,128.8055
2019-09-06,53.3356,139.1883,4.4714,30.768,207.4131,27.7849,9.3377,128.4397
2019-09-09,53.7299,137.4818,4.5391,30.701,211.9189,28.5215,9.557,127.1063
2019-09-10,53.6098,135.5019,4.5479,30.0778,214.8709,29.1308,9.2443,128.4647
2019-09-11,55.3662,135.7663,4.6172,29.9726,216.0269,29.2855,9.3747,130.5966
2019-09-12,56.1534,137.6626,4.6525,30.3828,218.7954,29.4162,9.4177,130.6396
2019-09-13,54.7267,137.3547,4.5437,30.5225,220.076,30.1459,9.4935,130.7117
2019-09-16,54.8359,136.3307,4.5097,30.8801,217.2403,30.0346,9.3273,129.8352
2019-09-17,55.0205,137.0945,4.5031,30.9424,214.7811,29.849,9.2655,129.7659
2019-09-18,55.4085,137.8351,4.4838,30.4019,215.4496,29.8257,9.2645,130.0471
2019-09-19,55.4778,141.2046,4.4591,30.5641,216.397,29.9224,9.1894,130.3252
2019-09-20,54.7879,140.0924,4.3639,30.0577,214.6756,29.7338,9.1944,131.254
2019-09-23,54.7102,139.1873,4.3786,30.5057,213.276,29.4305,9.1777,131.4576
2019-09-24,54.8171,138.2692,4.3383,29.8828,208.848,29.0876,9.1277,131.8467
2019-09-25,54.9921,138.2896,4.4033,29.1282,209.8535,29.2174,9.1802,131.0738
2019-09-26,54.97,139.4029,4.4203,29.3494,208.7309,29.1879,9.1231,129.1139
2019-09-27,54.7613,138.1262,4.3304,29.043,209.162,29.4168,9.1303,128.609
2019-09-30,55.7919,138.7949,4.335,28.76,207.5899,29.2368,9.1597,129.5808
2019-10-01,56.4821,138.0748,4.4237,28.9815,204.5468,28.7835,9.007,130.0926
2019-10-02,54.9467,134.5864,4.2984,28.3683,198.5568,27.979,8.5799,132.2971
2019-10-03,54.7258,135.6664,4.4511,28.2055,196.5473,27.6248,8.6028,131.1739
2019-10-04,56.4728,137.6888,4.5349,28.8623,198.969,28.1398,8.7181,133.2826
2019-10-07,57.0237,137.4363,4.6545,29.1716,200.9609,28.3695,8.6935,133.247
2019-10-08,56.475,136.538,4.4545,28.2936,197.4422,27.6925,8.5671,132.2221
2019-10-09,56.6916,137.9392,4.5213,28.5643,197.5198,27.9175,8.5861,129.423
2019-10-10,57.405,139.0894,4.5793,28.548,199.8994,28.4867,8.6165,129.2791
2019-10-11,58.7868,140.3575,4.6916,29.6402,205.6767,29.1082,8.7976,131.7088
2019-10-14,59.169,139.7822,4.65,30.1097,205.1127,29.0481,8.8083,130.8285
2019-10-15,59.0056,141.3198,4.8904,30.6348,203.9225,29.7786,9.0281,133.2298
2019-10-16,58.545,140.1956,4.9056,31.0167,207.4085,30.3658,9.1107,135.5645
2019-10-17,58.7266,139.8303,4.8575,31.142,206.5098,30.2796,9.1033,136.8138
2019-10-18,58.961,138.0639,4.7816,30.9008,206.5851,30.3222,9.2472,129.9613
2019-10-21,60.0149,138.0017,4.8781,31.9168,209.6371,31.0026,9.0896,128.2306
2019-10-22,60.2519,137.7329,4.9414,31.7776,210.0905,31.1769,9.0511,129.528
2019-10-23,60.6161,136.5111,4.8518,31.3021,211.0382,31.3003,9.0823,129.8569
2019-10-24,60.7645,139.7292,4.9276,31.6838,211.0101,31.3727,8.6352,128.3833
2019-10-25,61.3068,140.6483,5.0859,32.4891,214.1323,31.6986,8.7024,128.4114
2019-10-28,62.0886,144.3211,5.1755,33.612,217.7873,31.9421,8.6306,129.3297
2019-10-29,61.201,143.3185,5.0911,33.1962,217.7178,32.0059,8.6484,130.2966
2019-10-30,60.892,143.9254,5.0574,32.7032,215.3376,31.693,8.5506,132.5895
2019-10-31,61.962,143.6482,5.006,33.7479,212.7543,31.1131,8.5552,131.77
2019-11-01,63.3147,143.3907,5.0554,34.7112,217.1159,31.705,8.8161,131.5069
2019-11-04,64.2299,144.5474,5.1998,35.6836,219.7915,32.347,9.0041,130.7501
2019-11-05,64.3589,144.5115,5.2542,36.6389,219.8863,32.8539,9.0669,130.6188
2019-11-06,64.1628,143.9237,5.1676,35.9335,218.1729,32.8711,8.9605,130.9302
2019-11-07,64.8234,144.4489,5.2399,36.5454,223.306,33.3261,8.915,131.6648
2019-11-08,64.7375,145.083,5.1906,36.3014,222.5139,33.1478,8.9605,132.2071
2019-11-11,65.2057,145.8329,5.1847,36.1518,219.5889,33.1467,9.0559,131.8547
2019-11-12,65.4792,147.0596,5.2533,36.7952,219.9718,33.1577,9.0704,131.3725
2019-11-13,65.8956,147.0829,5.1934,37.4806,218.8749,32.7657,8.8686,131.1026
2019-11-14,65.8242,147.8604,5.2241,38.0599,219.0814,32.648,8.8107,130.7455
2019-11-15,66.1462,149.512,5.1259,38.8664,220.3755,32.8783,8.9305,133.7298
2019-11-18,66.5452,149.9131,5.2642,39.5849,219.1945,32.9098,8.9532,134.7494
2019-11-19,66.6321,150.6202,5.204,40.7359,219.7815,32.9305,8.9203,134.7338
2019-11-20,65.8052,149.7112,5.2719,40.9611,217.7649,32.6459,8.7498,135.6366
2019-11-21,65.5687,149.3521,5.276,39.6117,218.0204,32.8529,8.7161,136.1836
2019-11-22,65.4791,149.4887,5.281,39.12,220.1309,33.1432,8.854,137.9965
2019-11-25,66.3526,150.9582,5.4989,39.8391,222.8012,33.4266,8.9655,137.0165
2019-11-26,66.3289,152.0172,5.4483,39.0702,222.0807,33.2745,8.9814,136.7925
2019-11-27,66.6647,152.129,5.4553,39.3983,222.7698,33.4364,9.0891,137.6668
2019-11-29,66.8303,151.6048,5.4217,39.2525,221.3755,33.389,9.074,137.5716
2019-12-02,66.2698,149.6379,5.2745,38.8044,218.4517,33.4812,9.0613,137.3984
2019-12-03,64.5239,148.3682,5.11,38.1865,212.0233,32.7148,8.8807,136.9239
2019-12-04,65.5129,149.6983,5.2512,39.5474,215.6669,33.16,8.9705,139.2278
2019-12-05,66.154,149.9145,5.2245,39.8385,216.6385,33.1077,8.9203,139.2799
2019-12-06,67.4681,151.3111,5.3081,39.8057,223.4347,33.7057,9.008,140.7014
2019-12-09,66.8076,151.5789,5.3214,39.3387,222.6786,33.5679,9.0198,140.4401
2019-12-10,67.1673,151.3255,5.3599,39.3441,221.9397,33.5038,9.0581,140.2311
2019-12-11,67.5627,151.3357,5.409,39.3407,221.5347,33.6575,9.1116,141.2028
2019-12-12,67.5474,152.6589,5.5449,41.2772,225.5235,34.4575,9.2781,141.3356
2019-12-13,68.4777,154.2722,5.6234,41.8151,225.5602,34.5516,9.2555,141.1353
2019-12-16,69.92,155.4082,5.657,42.4556,228.9209,34.8903,9.3526,141.9567
2019-12-17,70.1524,154.8939,5.6964,42.6814,231.1197,35.05,9.3675,143.4627
2019-12-18,70.0699,154.6421,5.7647,42.5552,230.6358,35.1549,9.4934,143.2191
2019-12-19,69.9697,155.3067,5.865,42.9291,230.0224,35.0339,9.4316,145.076
2019-12-20,70.0428,157.322,5.9783,43.9402,229.9622,35.0175,9.4868,146.2343
2019-12-23,70.7994,157.509,5.9915,45.2242,229.5205,35.1056,9.4469,146.2955
2019-12-24,71.0203,157.4053,5.9505,46.2522,229.4091,35.1985,9.455,145.8845
2019-12-26,72.036,158.367,5.9788,46.6276,230.9987,35.4641,9.4493,145.6452
2019-12-27,72.6935,158.8597,5.9315,46.3995,231.1125,35.417,9.3868,145.8183
2019-12-30,72.4813,157.6742,5.8178,45.3505,230.4326,35.3159,9.2877,145.3739
2019-12-31,73.0982,157.3149,5.8622,45.7959,229.5426,35.1179,9.2915,145.5442
2020-01-02,74.6099,159.7765,5.9681,48.1852,233.3424,35.5122,9.298,145.6247
2020-01-03,74.7026,159.179,5.9096,48.5379,231.5064,34.9634,9.22,144.3506
2020-01-06,74.4499,158.4836,5.8867,48.4085,232.2506,34.7732,9.1306,143.7024
2020-01-07,74.7311,158.2987,5.9964,48.4883,236.0815,34.6956,9.1975,144.2253
2020-01-08,75.2914,159.6,6.0078,47.7337,238.0398,34.9638,9.2346,144.9191
2020-01-09,77.161,161.8187,6.09,49.2854,241.9501,35.049,9.2414,145.3948
2020-01-10,77.6729,162.0945,6.1533,48.492,242.5038,34.8432,9.29,145.2851
2020-01-13,78.4206,162.5914,6.2673,48.589,244.9961,34.8839,9.2006,145.5273
2020-01-14,78.6921,162.711,6.2111,48.3848,246.3568,35.4076,9.2775,145.9606
2020-01-15,78.2459,163.346,6.1557,48.6425,245.7305,34.6143,9.2221,146.903
2020-01-16,78.5424,165.4093,6.2002,49.6333,248.3104,34.7478,9.1975,147.938
2020-01-17,79.2386,166.6855,6.2198,50.5222,249.4456,34.7264,9.1716,148.8192
2020-01-21,79.3365,166.9603,6.2023,51.2617,246.992,34.3763,9.1691,149.4749
2020-01-22,79.6217,166.3296,6.2847,51.5459,247.3825,34.3409,9.1881,147.8213
2020-01-23,79.5524,166.3697,6.285,51.2966,245.3573,33.9944,9.0819,148.1214
2020-01-24,80.1019,165.8513,6.3269,50.9364,242.4464,33.556,9.0101,148.4169
2020-01-27,77.4235,162.3536,5.9915,49.1439,237.7109,32.8874,8.8938,148.5639
2020-01-28,79.2654,165.1146,6.1454,50.0343,241.6925,33.276,8.9447,149.5597
2020-01-29,81.365,168.1809,6.15,47.0214,241.2726,33.2012,8.8845,150.557
2020-01-30,80.4192,172.4802,6.0789,47.4405,241.2553,33.0885,8.7787,149.8686
2020-01-31,78.5039,170.6209,5.9526,47.6467,239.3917,32.8892,8.7985,149.0038
2020-02-03,77.2738,173.2983,5.9915,47.4559,240.3294,33.1226,9.0089,150.0118
2020-02-04,79.3666,178.9967,6.1553,49.2531,242.6625,33.6684,9.0694,151.851
2020-02-05,80.3725,180.4486,6.2525,49.7723,244.2418,34.58,8.3126,153.3246
2020-02-06,80.8276,182.5847,6.3067,48.7233,242.8719,34.7263,8.273,153.6856
2020-02-07,80.2554,184.1795,6.2987,50.0601,238.2611,34.5328,8.1154,152.0311
2020-02-10,79.7929,186.9678,6.4896,51.4045,236.923,34.5511,8.082,151.6876
2020-02-11,80.3471,186.815,6.7301,53.8904,237.6233,34.8958,8.1181,152.0252
2020-02-12,81.1997,183.8736,6.7781,54.0055,238.9673,35.0429,8.2659,151.2623
2020-02-13,81.2497,184.3966,6.8685,54.4947,238.1205,34.874,8.2727,150.2853
2020-02-14,81.1569,184.4383,7.2546,55.1023,237.2304,34.8295,8.1352,149.8084
2020-02-18,79.3387,186.8286,7.3095,56.6945,233.2679,34.3115,8.0605,149.5348
2020-02-19,80.7971,187.3321,7.7581,58.5991,236.4383,34.7077,8.0179,148.8736
2020-02-20,80.2818,184.2513,7.7132,57.5695,233.2156,34.785,8.0335,148.3044
2020-02-21,78.6341,179.4969,7.4102,54.3669,230.0282,34.3379,7.9228,149.0795
2020-02-24,74.8699,171.4975,6.8963,49.2817,224.467,32.8378,7.6155,146.3807
2020-02-25,73.3055,170.3379,6.6136,48.4413,219.7981,31.5933,7.3855,144.9746
2020-02-26,73.2211,170.6653,6.7378,48.1855,217.2338,31.0049,7.3227,144.3999
2020-02-27,69.9545,162.9986,6.4432,44.558,209.3293,29.4961,7.0731,141.4607
2020-02-28,66.7569,158.4436,6.4911,43.9512,198.3809,28.1585,6.8307,133.3967
2020-03-02,72.1688,167.7688,6.7713,46.3294,204.1733,28.2877,7.0812,137.421
2020-03-03,73.6107,167.7047,6.7842,48.1384,205.5225,28.2339,7.058,136.291
2020-03-04,74.5584,168.4006,6.9217,48.7324,205.8669,27.9449,7.0131,141.1209
2020-03-05,73.8242,167.2764,6.9048,48.6295,199.8156,26.8466,6.8093,141.1805
2020-03-06,71.4465,160.15,6.5811,47.9327,192.4821,25.6463,6.5046,140.5362
2020-03-09,67.8998,153.6008,6.233,44.4766,174.2567,22.2139,5.9801,136.9708
2020-03-10,69.4642,157.2977,6.3677,44.5546,179.6214,22.7682,6.0936,138.8453
2020-03-11,69.1036,154.3216,6.2489,45.1026,175.0048,22.8774,5.9841,133.7394
2020-03-12,63.8272,143.6615,5.6254,40.7155,156.1893,20.9237,5.3518,127.4251
2020-03-13,65.7384,148.4942,5.725,41.6701,165.0972,22.6753,5.4317,129.4373
2020-03-16,62.6169,141.4669,5.2892,41.0812,159.3665,20.7112,5.0583,129.0103
2020-03-17,62.4835,143.1736,5.2472,41.124,157.8167,21.4163,4.9476,133.6693
2020-03-18,60.792,139.9698,4.9045,39.6363,142.3587,20.2531,4.4168,132.6453
2020-03-19,61.9001,144.9034,5.1994,40.2337,145.2703,20.6821,4.3496,128.2952
2020-03-20,60.2126,142.1316,5.4432,41.2299,143.7189,20.546,4.4171,123.2566
2020-03-23,55.3518,136.3775,5.224,40.7188,136.5288,18.5563,4.1458,113.2436
2020-03-24,60.3309,145.8862,6.1209,45.7175,149.6585,20.1927,4.7212,117.1564
2020-03-25,62.931,149.3688,6.3503,46.5954,154.8786,21.3968,5.5547,120.6172
2020-03-26,63.194,153.522,6.4005,46.7201,163.1389,22.2748,5.353,125.0364
2020-03-27,62.7031,151.4188,6.3831,47.1068,160.135,21.6531,5.1236,123.3147
2020-03-30,63.1713,158.3951,6.5555,47.8113,158.0414,21.9497,5.0167,131.3541
2020-03-31,64.1079,160.0192,6.6633,46.9889,156.3838,21.6553,4.9184,132.1947
2020-04-01,60.9782,153.7717,6.2836,44.9559,146.7911,19.8992,4.5088,128.588
2020-04-02,60.3945,153.4202,6.2573,44.2178,147.6814,20.278,4.3708,130.7474
2020-04-03,60.4515,154.4691,6.1151,43.0584,147.4928,20.066,4.2622,133.4882
2020-04-06,64.0392,162.4059,6.5586,46.0197,156.8175,21.2237,4.5213,138.0314
2020-04-07,66.1413,166.0004,6.6477,48.2654,166.0472,22.4237,4.8305,139.4059
2020-04-08,66.1893,165.0244,6.6291,48.4781,173.892,23.0884,4.979,141.2953
2020-04-09,66.8074,164.9623,6.6238,49.2513,183.9515,24.7366,5.5066,142.1482
2020-04-13,67.3614,163.7979,6.6277,49.8272,181.4059,24.0517,5.1406,139.523
2020-04-14,71.2864,171.866,7.0387,54.1764,177.8748,23.7025,5.2827,145.9631
2020-04-15,70.9263,171.8549,7.0022,54.6795,177.6379,22.2784,5.0348,146.2007
2020-04-16,71.4464,175.3928,7.3301,56.7157,175.5065,21.473,4.9566,148.7037
2020-04-17,70.404,177.9109,7.3018,56.6176,181.4766,22.8844,5.1313,151.1338
2020-04-20,69.753,176.8374,7.2343,57.5874,182.0658,22.6146,5.0055,151.8391
2020-04-21,67.4343,169.0585,6.8322,53.8393,175.1137,21.7908,4.8033,150.0285
2020-04-22,68.7543,172.6061,7.086,55.2424,175.8697,21.9553,4.7896,153.5759
2020-04-23,69.4705,172.941,7.1989,56.5438,176.4101,22.0806,4.8935,155.5319
2020-04-24,70.0964,172.9351,7.1536,55.6901,176.0071,22.0111,4.8722,154.6129
2020-04-27,70.5883,174.7931,7.4638,57.063,181.9875,23.1596,5.0797,154.7986
2020-04-28,70.406,171.6142,7.3987,55.9587,187.3946,24.2342,5.3895,152.0881
2020-04-29,71.8512,176.4028,7.4509,53.8112,191.2225,24.8597,5.3592,150.5124
2020-04-30,72.9189,178.6392,7.3513,53.1129,184.4741,24.0931,5.127,149.6015
2020-05-01,73.1481,175.8458,7.0964,50.0906,177.7578,23.0973,4.9464,147.8279
2020-05-04,72.6385,177.313,7.205,51.3016,174.0313,22.6984,4.8457,147.9672
2020-05-05,74.6384,181.7395,7.3998,52.6788,180.2743,23.1129,5.0143,149.8718
2020-05-06,75.4385,183.1263,7.4841,52.6376,177.2545,22.4698,4.9039,148.9576
2020-05-07,75.9291,183.6486,7.6185,52.1099,181.83,23.015,4.9151,147.9469
2020-05-08,76.9476,184.3557,7.7705,52.7813,184.5038,23.455,5.1169,148.5975
2020-05-11,78.2535,185.7864,8.0215,55.0193,183.1919,22.7326,5.1269,149.1367
2020-05-12,79.0703,184.8976,8.0161,55.3257,179.23,22.2226,5.0699,148.4379
2020-05-13,77.2421,179.9475,7.8371,52.9072,172.7066,21.0355,4.7816,147.1573
2020-05-14,76.401,178.1964,7.8597,52.9794,171.1193,21.1914,4.7663,146.608
2020-05-15,76.2066,180.7786,8.1862,53.7448,172.2699,21.4221,4.8711,148.9596
2020-05-18,78.524,185.1707,8.7776,54.6918,179.3873,22.6732,5.2405,151.3131
2020-05-19,79.087,185.2588,8.9694,56.0089,179.8882,22.5584,5.3431,149.4558
2020-05-20,79.6228,185.0199,8.9577,56.262,181.9063,22.883,5.4626,148.5625
2020-05-21,79.5353,184.564,8.8597,55.3116,180.0178,22.9612,5.6008,147.0761
2020-05-22,79.3895,183.374,8.9851,54.7299,179.5188,22.6559,5.6057,144.7938
2020-05-26,79.8905,183.0024,8.8546,54.5194,193.381,24.1636,5.8851,145.4401
2020-05-27,79.0398,179.4341,8.3209,51.1533,205.4621,25.6453,5.9987,144.0564
2020-05-28,80.0894,182.1246,8.6284,52.7968,205.0254,25.2791,5.9171,147.1593
2020-05-29,79.6771,182.6736,8.6808,52.7172,197.3903,24.2999,5.7017,148.01
2020-06-01,80.2125,182.3988,8.7747,53.5324,199.666,24.5933,5.8287,146.9303
2020-06-02,80.3801,183.4267,8.7506,52.8956,203.7077,24.9555,5.9099,147.2623
2020-06-03,81.084,184.6862,8.7704,52.7575,209.7119,25.9164,6.1223,148.001
2020-06-04,80.8328,183.6869,8.8003,52.8519,212.3224,26.3953,6.3844,146.4525
2020-06-05,82.2786,185.9204,8.8855,52.855,219.9777,28.3421,7.2739,147.8922
2020-06-08,82.7662,186.7424,8.763,52.7057,220.3774,28.5079,7.5516,146.6115
2020-06-09,85.3634,189.3095,9.009,55.4377,218.0678,28.0618,7.2375,147.3235
2020-06-10,87.8736,195.3133,9.3786,58.0486,215.3306,27.0873,6.9436,148.4908
2020-06-11,85.7741,190.1712,9.018,54.674,198.9686,24.4955,6.2243,142.9547
2020-06-12,85.0132,188.3666,8.9455,53.7078,200.0438,24.5884,6.4554,142.1184
2020-06-15,84.8782,188.1047,9.035,53.7922,202.1936,24.513,6.4155,140.8383
2020-06-16,87.7181,193.4845,9.0455,54.6842,210.0833,25.7538,6.6401,144.2625
2020-06-17,88.4283,194.9653,9.1961,54.9728,207.1392,25.255,6.4009,144.4691
2020-06-18,87.8912,195.6077,9.191,54.1832,204.2608,25.0915,6.3353,143.1953
2020-06-19,87.6158,196.8801,9.3221,54.5448,203.7155,25.062,6.3819,144.5449
2020-06-22,89.1444,199.0119,9.4464,54.4843,203.1474,24.7723,6.2253,142.9446
2020-06-23,91.9246,202.595,9.5335,54.553,205.3148,24.9727,6.1989,143.334
2020-06-24,90.5741,198.6688,9.3161,52.9574,199.2162,23.9449,5.9879,140.0973
2020-06-25,90.4714,198.4563,9.3599,51.5387,203.8649,24.3847,5.9516,139.1891
2020-06-26,89.3208,196.9368,9.222,50.6939,192.0621,23.3325,5.9003,137.9472
2020-06-29,89.6679,196.8609,9.0981,49.4102,191.6895,23.4201,5.9916,138.8416
2020-06-30,90.9687,202.0308,9.4576,52.1469,196.6213,23.6461,6.0306,139.9667
2020-07-01,91.4261,204.5761,9.5175,52.3833,197.9748,23.5341,6.0209,140.7236
2020-07-02,91.761,206.9513,9.6583,52.4896,199.3791,23.536,6.0849,140.9626
2020-07-06,93.3518,210.1369,9.8197,53.0679,205.6014,23.7031,6.16,142.9505
2020-07-07,93.9268,211.293,9.9708,53.4436,200.985,23.0688,6.1422,143.105
2020-07-08,94.885,211.5195,10.1,52.7842,201.1608,22.9234,6.0938,142.7047
2020-07-09,95.6154,213.9775,10.4169,55.8864,197.4133,22.6601,5.903,142.5756
2020-07-10,95.4535,212.8786,10.5033,56.4761,203.726,23.5672,5.9674,142.307
2020-07-13,97.9313,211.8741,10.4719,56.1973,209.7741,24.1764,6.1325,145.3757
2020-07-14,95.8252,206.1675,10.1317,53.7812,211.3247,23.9691,6.2768,147.135
2020-07-15,97.7985,208.1239,10.2333,54.5448,218.3914,24.5279,6.6711,148.751
2020-07-16,96.468,203.9402,10.0571,54.4465,216.5205,23.8829,6.8185,148.1348
2020-07-17,96.4832,202.8588,10.1826,55.1284,212.7776,23.4441,6.795,149.6553
2020-07-20,97.4448,208.6524,10.3863,56.5262,211.7078,23.4943,6.6699,149.5616
2020-07-21,97.8163,210.3773,10.3835,57.191,212.2794,24.2246,6.7292,150.326
2020-07-22,97.1692,210.0052,10.4542,60.7894,207.0385,24.1444,6.7956,149.2911
2020-07-23,94.0126,205.6419,10.27,60.7143,204.106,24.3993,6.968,150.0093
2020-07-24,91.6042,200.9493,10.1491,67.788,203.1279,24.4572,6.9148,148.1894
2020-07-27,94.3839,202.7479,10.3618,69.3636,202.6546,24.0811,6.8813,147.544
2020-07-28,93.8305,203.0783,10.292,69.3758,201.9037,24.3151,6.9916,147.2462
2020-07-29,94.5805,203.723,10.4553,75.8991,202.0957,24.8318,6.9174,146.5261
2020-07-30,96.4895,202.2838,10.493,77.7439,198.3829,24.6941,6.7759,146.8625
2020-07-31,103.4718,202.441,10.5565,77.0789,197.8167,24.6904,6.6585,145.4388
2020-08-03,109.658,214.4825,10.9516,77.8689,198.4175,25.0307,6.6588,147.1463
2020-08-04,109.6574,212.4496,11.1177,83.572,200.3502,24.9769,6.8192,146.7151
2020-08-05,109.6622,213.105,11.2838,85.1043,204.2011,25.4113,6.9661,148.4679
2020-08-06,112.4859,214.3912,11.2861,86.129,204.7324,25.4572,6.9414,147.428
2020-08-07,111.9905,213.0286,11.2709,84.8831,205.6489,25.8203,6.849,147.9791
2020-08-10,112.3171,208.1038,11.1612,81.9875,209.2875,26.5507,7.069,148.233
2020-08-11,111.0004,205.3726,10.9765,78.8428,213.8208,27.3074,7.2834,147.755
2020-08-12,112.2537,208.6064,11.2974,81.0778,212.5338,26.9356,7.1381,149.3456
2020-08-13,114.9724,209.7497,11.5289,82.5151,209.0287,26.3384,7.0609,148.1707
2020-08-14,114.1782,208.5552,11.5499,81.7616,208.0241,26.4167,7.0528,148.3841
2020-08-17,114.8375,210.1064,12.2279,82.4338,203.6341,25.9729,6.9473,149.1998
2020-08-18,115.2166,211.0094,12.2667,81.7762,201.9597,25.5898,6.9371,149.6693
2020-08-19,116.4218,210.6102,12.1787,81.0916,204.0395,25.6362,6.9318,150.6868
2020-08-20,117.3864,213.0658,12.1773,81.8028,201.8318,25.1435,6.8313,150.8811
2020-08-21,122.6605,213.9434,12.5662,83.4242,201.8601,25.0198,6.7255,152.2423
2020-08-24,126.3212,213.7727,12.7008,83.5673,204.9431,25.4564,6.9194,151.7265
2020-08-25,124.1912,215.5607,12.6794,84.8235,206.9551,25.9427,6.9527,152.1357
2020-08-26,126.0815,220.2102,12.7679,86.1775,206.4186,25.6557,6.828,151.9544
2020-08-27,125.6908,227.252,12.7104,84.3753,210.3625,26.0183,6.9126,152.6486
2020-08-28,125.3296,228.7277,12.9952,85.1628,208.6418,26.2122,6.9072,153.059
2020-08-31,128.9302,226.0691,13.3334,90.0989,205.0107,25.8224,6.8375,153.5901
2020-09-01,132.8458,226.2117,13.7769,91.4198,205.1578,25.6512,6.8212,151.47
2020-09-02,131.6134,230.7741,14.3381,90.7119,208.7779,25.9008,6.902,152.9848
2020-09-03,123.526,219.6205,13.2608,83.9462,209.7774,25.9495,6.8918,151.0461
2020-09-04,117.9436,212.3298,12.3661,80.442,209.6721,26.3159,6.8626,148.8238
2020-09-08,115.3956,205.6027,12.1599,79.9129,203.4374,25.6054,7.0234,148.0373
2020-09-09,117.4152,211.1946,12.5892,81.2212,203.012,25.5327,7.0097,149.8903
2020-09-10,116.0457,208.58,12.6107,80.7025,201.8358,25.3821,6.9533,147.6435
2020-09-11,112.0421,204.5595,12.2455,77.2761,200.6482,25.3686,6.9262,147.7716
2020-09-14,114.5795,206.4337,12.9625,77.6932,201.9518,25.8024,7.1111,148.704
2020-09-15,116.4171,208.5111,13.0048,78.5432,199.6525,25.3517,7.0777,149.4291
2020-09-16,113.639,207.0659,12.7407,77.9882,201.6413,25.5575,7.0598,148.9244
2020-09-17,110.1388,202.1004,12.3675,75.529,196.0438,25.3172,7.2331,147.3463
2020-09-18,107.7831,200.3407,12.2465,75.3428,194.8301,25.2613,7.2811,148.1101
2020-09-21,106.9383,199.4993,12.2018,76.4957,191.1016,24.3357,6.8931,144.797
2020-09-22,110.9711,205.4506,12.4089,76.6441,191.0795,24.0106,6.8353,144.4585
2020-09-23,109.1458,203.1063,12.4254,76.1627,188.509,23.6617,6.752,145.5442
2020-09-24,108.5536,203.3038,12.3832,76.1503,193.6826,23.3712,6.6156,144.4053
2020-09-25,110.654,206.5234,12.6303,76.7342,193.0372,23.3385,6.5585,145.2358
2020-09-28,114.0428,209.6154,12.9106,78.6745,199.6439,24.1098,6.6888,147.3258
2020-09-29,114.2186,208.0942,13.2172,81.2537,196.8708,23.7836,6.6124,146.9705
2020-09-30,115.9431,210.0916,13.5067,81.9971,201.2384,24.0846,6.6644,148.5075
2020-10-01,116.5914,212.5139,13.5988,84.0196,199.5538,24.0629,6.7116,147.7167
2020-10-02,113.8678,207.7122,13.2655,82.9233,198.9589,24.0309,6.8056,146.8103
2020-10-05,115.4597,209.2233,13.5316,85.1248,201.8059,24.601,7.0028,147.7171
2020-10-06,114.4362,207.4603,13.9394,85.4392,203.4935,24.709,7.0869,147.0967
2020-10-07,114.9212,208.8982,13.9775,86.641,203.1345,24.8636,7.1884,147.3487
2020-10-08,115.2658,210.1118,13.8503,87.0727,206.799,25.1181,7.2953,148.9844
2020-10-09,116.2428,214.3997,13.73,83.557,207.8377,25.3321,7.2905,150.6965
2020-10-12,123.0438,221.1056,14.1801,84.3912,212.7587,25.5935,7.6569,152.2495
2020-10-13,122.4262,223.1048,14.2085,85.0901,211.3102,25.1572,7.7307,148.7037
2020-10-14,121.3042,221.41,14.1312,84.3948,212.3144,23.9838,7.6148,148.2242
2020-10-15,120.0797,218.5767,13.9077,83.2681,208.9346,23.8559,7.5224,147.184
2020-10-16,120.1349,220.4622,13.9276,83.1702,207.7177,24.2122,7.6686,148.0678
2020-10-19,118.086,216.7103,13.6834,82.9496,206.2947,23.9428,7.6479,145.514
2020-10-20,117.4342,215.3232,13.6581,81.8576,208.7969,24.1952,7.774,144.8279
2020-10-21,117.4843,215.1687,13.6008,80.2526,204.2759,24.1513,7.8186,144.3042
2020-10-22,115.9703,214.1883,13.3878,79.6267,204.7047,24.6161,8.0649,144.919
2020-10-23,114.9857,215.2053,13.4786,80.9713,205.666,24.9986,8.1967,145.4728
2020-10-26,114.6132,210.9515,13.2528,82.6244,200.5176,24.3551,8.0133,143.5468
2020-10-27,116.3162,212.9825,13.338,79.435,197.0226,24.02,7.9707,143.5077
2020-10-28,112.727,204.9126,12.8384,76.9186,190.645,23.4241,7.7679,139.1087
2020-10-29,114.5124,205.1144,13.0088,78.0515,189.8878,23.4948,8.0501,137.431
2020-10-30,109.1006,201.4772,12.5037,75.2515,187.7054,23.5075,7.7104,136.2561
2020-11-02,108.6262,202.3706,12.5996,74.7766,190.4255,24.0281,7.755,138.2644
2020-11-03,110.4493,206.487,12.9362,76.2629,197.6659,24.7688,7.8569,139.2046
2020-11-04,114.6156,216.1049,13.646,80.6795,198.5078,23.8245,7.7426,140.4968
2020-11-05,118.4798,222.9468,14.1558,82.6062,202.3716,24.5129,7.8901,140.2278
2020-11-06,118.086,222.2102,14.3469,84.7168,201.6491,24.5026,7.8621,142.154
2020-11-09,119.5403,222.4811,14.158,85.0198,214.5053,27.3177,8.2289,147.0683
2020-11-10,116.3117,211.8445,12.9553,78.8995,215.1521,27.5292,8.4376,147.8083
2020-11-11,118.5071,215.6128,13.2538,80.2378,217.8169,27.3671,8.394,148.2089
2020-11-12,119.4878,216.5288,13.5462,81.8967,214.4166,26.5795,8.1861,147.8543
2020-11-13,118.8133,216.001,13.3067,81.6873,219.0997,27.0317,8.4511,149.7121
2020-11-16,120.0986,216.489,13.469,82.7936,222.0376,27.5227,8.7602,150.6296
2020-11-17,119.8848,215.3621,13.429,83.6246,222.7387,27.3908,8.7377,149.6962
2020-11-18,118.9237,212.4425,13.4027,83.1258,225.7881,27.4484,8.9513,148.3064
2020-11-19,118.032,211.7601,13.3165,84.3769,223.9105,26.8248,8.8022,146.6255
2020-11-20,117.9871,211.636,13.2468,85.1551,223.6508,26.7674,8.7431,146.7523
2020-11-23,114.9681,209.9553,13.161,86.0894,228.8616,27.3359,8.8843,144.1374
2020-11-24,114.527,211.9157,12.9811,84.6013,235.552,28.5183,9.3822,143.9713
2020-11-25,116.0926,213.8127,13.1885,86.7819,235.5546,28.7918,9.0907,143.4384
2020-11-27,116.8509,215.2732,13.2999,87.1464,235.0927,28.961,9.0782,144.0658
2020-11-30,119.1583,213.0843,13.2638,90.523,231.5139,28.4235,9.0963,144.2865
2020-12-01,122.448,215.3713,13.4021,92.5241,232.9415,28.8073,9.2869,147.6838
2020-12-02,122.5716,214.52,13.5213,94.6792,236.4467,28.9772,9.1903,148.3445
2020-12-03,122.9675,214.6474,13.4477,92.7446,236.6229,28.8763,9.2417,148.6669
2020-12-04,122.0795,214.1772,13.5003,93.2309,238.8971,29.1997,9.3538,149.972
2020-12-07,123.8382,214.0972,13.6104,93.7102,238.3289,28.9813,9.2287,149.147
2020-12-08,124.1914,215.4765,13.3959,92.908,238.2139,28.9301,9.2681,151.293
2020-12-09,123.2586,212.9181,13.1007,91.7786,242.7965,28.9132,9.4209,152.7006
2020-12-10,122.8994,211.332,12.9738,91.2408,243.6657,28.8741,9.1776,152.3046
2020-12-11,121.7229,211.7619,12.9433,91.3192,239.3287,28.5464,9.0818,152.7703
2020-12-14,122.4325,214.6585,13.2623,93.9617,239.2009,28.4847,8.9693,150.8053
2020-12-15,126.5535,213.6235,13.3171,96.9517,241.3404,28.572,9.0814,150.2978
2020-12-16,127.5459,218.4502,13.2703,96.4675,242.9161,28.6568,9.0556,150.0614
2020-12-17,128.6643,219.1113,13.3002,96.8706,244.7737,28.7708,9.0641,152.7639
2020-12-18,127.0953,218.2968,13.2466,96.2685,243.4175,28.8205,8.9831,153.9432
2020-12-21,126.3341,221.1861,13.2136,92.8315,256.7224,29.5745,8.9033,152.219
2020-12-22,132.2514,223.9544,13.2255,92.2591,251.71,29.3875,8.8118,152.8459
2020-12-23,131.5993,222.2573,13.0953,92.0314,256.9083,30.0353,8.9561,152.3936
2020-12-24,132.3339,222.4604,13.0173,91.9007,255.6079,29.8951,8.8487,152.4697
2020-12-28,135.8414,224.9729,12.9088,91.9904,260.3436,30.2292,8.9222,153.1313
2020-12-29,136.3766,224.9706,12.9491,90.6392,258.1678,30.0699,8.8414,154.2998
2020-12-30,134.3227,222.4642,13.0734,91.7675,259.5208,30.0337,8.8626,155.868
2020-12-31,132.8801,221.503,13.0285,91.4441,262.2555,30.1628,8.7986,156.7572
2021-01-04,129.7326,217.817,13.2684,93.0982,264.3696,30.0917,8.5466,155.9666
2021-01-05,130.7179,217.4062,13.3381,92.2808,270.669,30.265,8.6127,157.5046
2021-01-06,128.3502,213.8241,12.9247,90.9534,283.7981,32.1805,8.8292,159.4269
2021-01-07,130.1539,217.6921,13.1942,94.2308,292.8471,33.1639,8.9918,160.1347
2021-01-08,131.5657,219.0003,13.2199,94.4234,288.3274,32.4663,8.9914,160.1503
2021-01-11,129.3232,217.7663,13.7522,97.6402,292.0606,32.8302,9.1737,160.0186
2021-01-12,128.4834,215.0353,13.5185,96.0307,301.2253,33.6752,9.6539,158.2848
2021-01-13,130.5588,215.7136,13.5163,91.9906,301.7442,33.3462,9.7709,158.2081
2021-01-14,129.7381,214.2465,13.3415,91.0823,306.8718,33.9967,10.1134,160.8389
2021-01-15,128.264,213.257,12.9977,89.3106,301.4735,33.0505,9.9171,160.3992
2021-01-19,127.6974,215.3548,12.9784,88.5621,298.328,32.9782,10.079,162.3987
2021-01-20,131.4664,223.5157,13.3084,89.3728,290.4404,32.384,10.6058,162.7911
2021-01-21,135.8584,224.8931,13.6623,90.7006,290.2764,31.897,11.6527,161.411
2021-01-22,137.8544,227.8147,13.7351,93.4671,288.5289,31.525,11.4975,163.7757
2021-01-25,142.6255,227.9923,13.5861,93.9471,282.2325,30.9628,11.177,165.2625
2021-01-26,142.8442,234.1045,13.4959,94.9831,282.4923,31.1554,11.2668,170.7916
2021-01-27,142.3522,235.2498,12.9875,89.4944,274.526,30.0114,10.8633,168.6688
2021-01-28,139.1841,239.3331,13.1355,88.2295,276.2815,30.3989,10.8186,169.4217
2021-01-29,132.7372,233.9235,13.0589,86.4402,273.0966,29.8881,10.598,163.1599
2021-02-01,133.7923,238.7587,13.1448,86.3552,274.5224,29.8571,10.8937,163.5949
2021-02-02,135.2222,240.2685,13.4533,88.1586,284.6367,30.9825,10.9193,162.2621
2021-02-03,134.6595,242.769,13.6844,88.0871,288.1216,31.4066,11.1683,160.4592
2021-02-04,136.1869,241.4567,13.5428,87.7849,293.6761,32.344,11.4138,161.6663
2021-02-05,136.6507,241.7288,13.6025,87.8028,294.3127,32.5468,11.5601,164.5522
2021-02-08,136.2094,242.1367,14.2387,90.6525,299.2995,32.9754,11.4363,164.6238
2021-02-09,136.7346,243.3312,14.378,91.3897,300.3383,32.8835,11.8529,166.048
2021-02-10,135.4825,242.7461,14.6819,92.1316,302.7113,33.1249,11.7585,166.6594
2021-02-11,134.8643,243.6826,15.1469,92.3777,302.1598,32.9108,11.469,166.3073
2021-02-12,134.5208,244.1618,15.0423,93.3316,304.5612,33.3048,11.4748,166.0626
2021-02-16,133.8643,243.9244,15.2184,92.0399,311.1308,34.2309,11.528,165.3629
2021-02-17,130.5913,242.6323,14.9491,89.7442,312.0983,34.2722,11.5052,165.2676
2021-02-18,128.8633,242.5452,14.7402,88.3226,310.1737,34.2439,11.3862,165.5319
2021-02-19,129.766,241.5301,14.9894,89.5865,314.2258,34.4655,11.5399,163.9931
2021-02-22,127.0448,234.7145,14.6937,86.8596,317.1255,35.0554,11.7775,161.4391
2021-02-23,123.3074,232.0664,13.8802,82.8606,317.2808,35.5136,11.4495,161.0658
2021-02-24,124.4278,232.5896,14.2863,85.0549,327.6518,36.2053,12.0678,162.7348
2021-02-25,122.6039,230.6303,13.662,83.8798,330.2651,36.3569,12.023,162.7874
2021-02-26,122.9199,232.7611,13.6857,84.4834,321.7743,35.1128,11.758,159.7306
2021-03-01,126.0528,236.387,13.7192,85.4643,328.1078,35.7058,11.9661,160.1762
2021-03-02,126.1136,234.6764,13.6172,85.4821,332.0692,35.6798,12.4928,159.3908
2021-03-03,123.378,229.2909,13.0006,82.3414,336.2552,36.6076,12.3114,156.786
2021-03-04,120.805,227.5043,12.458,78.8065,331.6603,36.3992,12.0402,153.6049
2021-03-05,119.7787,230.322,12.1967,77.1444,325.2745,36.8385,12.0769,155.3617
2021-03-08,117.9393,229.9848,11.9102,76.1281,334.456,37.2963,12.661,157.7867
2021-03-09,120.6902,233.8078,12.3971,77.7654,331.9912,36.5233,12.598,158.5572
2021-03-10,120.3297,234.0674,12.67,78.3944,339.4544,37.1689,12.8735,159.1067
2021-03-11,122.0659,237.2411,12.9427,80.8723,342.2389,37.3649,12.8713,159.6573
2021-03-12,120.2455,234.8259,12.7863,80.5361,348.0073,37.8826,13.2387,159.673
2021-03-15,122.9775,233.6182,13.0551,82.4008,345.7629,37.5566,13.2071,159.8241
2021-03-16,125.9513,238.3783,13.3528,83.6592,341.2969,37.4415,12.6954,161.1277
2021-03-17,123.7795,235.8953,13.2208,81.758,343.6743,37.7913,12.4643,160.868
2021-03-18,121.6504,231.9027,12.9245,79.5317,351.6424,39.3214,12.7795,160.6335
2021-03-19,120.2005,230.8355,12.8118,78.6731,344.8209,38.3283,12.8193,160.3211
2021-03-22,122.8192,235.3089,13.2116,80.423,339.0639,37.7658,12.762,160.0509
2021-03-23,122.999,238.812,13.1877,78.7263,335.475,37.1969,12.3705,160.2536
2021-03-24,121.2133,236.3442,12.8656,77.5877,331.744,37.3261,12.3335,161.7668
2021-03-25,120.244,233.0894,12.4868,76.0661,327.5487,37.2716,12.073,161.6117
2021-03-26,120.2314,234.6441,12.6131,76.5819,328.4966,38.3808,12.2669,163.8227
2021-03-29,121.4709,234.4416,12.8953,77.0976,323.8297,38.2604,12.1865,165.9447
2021-03-30,119.7036,232.007,12.8526,75.6442,331.8762,39.1313,12.3689,164.9933
2021-03-31,122.6039,236.0499,13.325,78.2468,327.7566,38.7446,12.3207,164.6209
2021-04-01,123.1513,241.3165,13.7331,80.5942,327.3229,39.2838,12.1372,162.9608
2021-04-05,125.3311,248.2333,13.9099,81.1186,325.4457,39.9034,12.5759,163.6835
2021-04-06,126.364,248.208,13.9192,81.6909,326.2441,39.7669,12.8546,163.6611
2021-04-07,127.1011,249.7597,14.0693,81.9844,326.1563,39.8851,12.7521,163.63
2021-04-08,129.7402,253.0524,14.3449,83.1804,328.5699,39.5912,12.5268,163.3112
2021-04-09,131.6977,254.6528,14.3274,83.0069,331.2273,39.8719,12.481,160.9491
2021-04-12,131.5117,256.1295,14.9398,79.7719,331.9214,40.0584,12.4091,161.4747
2021-04-13,133.732,257.9831,15.5089,79.8516,327.8289,39.4521,12.1963,158.2325
2021-04-14,133.0216,256.5377,15.4574,78.9315,337.7809,39.8526,12.3539,159.2704
2021-04-15,134.3964,259.0892,16.027,82.2982,338.197,38.6538,12.212,161.019
2021-04-16,134.0367,260.0374,15.9718,82.1155,341.5136,39.1589,12.2589,161.7364
2021-04-19,134.5998,259.0721,15.4675,81.2829,341.4329,39.2344,12.1109,162.5116
2021-04-20,133.4438,258.2719,15.1713,79.4333,333.4029,38.191,11.5689,166.0879
2021-04-21,132.8647,259.575,15.2649,80.9509,332.932,38.4253,11.6019,166.2893
2021-04-22,132.7723,258.419,15.0359,79.8425,332.7454,38.441,11.9771,165.3706
2021-04-23,134.1622,260.377,15.1817,82.4896,338.0051,39.0334,12.1151,165.4576
2021-04-26,134.5418,261.3754,15.3452,84.9493,344.211,39.5919,12.3033,164.298
2021-04-27,134.5907,260.0699,15.4418,86.1349,345.635,39.7688,12.4136,163.2569
2021-04-28,134.6526,254.5516,15.3368,85.4778,348.5801,40.0722,12.4209,162.1669
2021-04-29,134.1771,251.8285,15.2524,83.9293,351.4265,40.8589,11.3405,163.303
2021-04-30,132.194,251.6108,15.1148,82.497,349.0972,40.6186,11.4648,163.1081
2021-05-03,132.8122,252.3653,14.9296,79.3336,351.6637,40.6849,11.5677,164.7933
2021-05-04,127.9654,247.5786,14.2527,77.7628,347.5666,40.6258,11.367,166.822
2021-05-05,129.2267,247.7274,14.6099,78.3498,355.8715,41.3382,11.5421,167.3213
2021-05-06,128.6316,247.6608,14.4124,77.3457,361.8958,41.7142,11.6371,167.2284
2021-05-07,130.4433,252.7538,14.8281,78.9522,368.0727,41.9155,11.7577,168.5471
2021-05-10,127.8422,248.6859,14.3809,76.4726,372.0447,42.4588,11.8087,170.4801
2021-05-11,124.7406,245.2323,14.1182,75.6805,361.8922,41.6908,11.5486,169.4526
2021-05-12,123.0599,240.0312,13.8818,74.8878,359.0881,41.6813,11.4421,168.6011
2021-05-13,125.1884,243.3712,13.7523,73.7638,358.1394,41.77,11.5365,169.7416
2021-05-14,126.9616,247.9397,14.1337,74.2265,367.0959,42.2731,11.7888,170.6203
2021-05-17,125.9467,244.8521,14.0334,74.3759,368.4879,42.5926,12.0221,170.7164
2021-05-18,125.9763,244.6274,14.1964,75.0763,367.3058,42.5277,12.2828,170.4978
2021-05-19,124.0238,241.5888,13.8553,75.3501,357.3474,41.7259,12.0551,169.5241
2021-05-20,126.8581,246.5319,14.5418,77.2992,358.8586,41.8562,12.4776,170.8832
2021-05-21,126.1486,245.9809,15.0374,77.5838,365.0983,42.368,13.1632,171.4932
2021-05-24,127.2698,250.3348,15.5535,77.4994,367.9576,42.5842,13.1272,170.5743
2021-05-25,127.0739,251.4842,15.6225,77.7732,367.666,42.4202,12.9943,170.3149
2021-05-26,126.8655,251.3609,15.6651,78.1653,366.8789,42.0344,13.6916,169.1554
2021-05-27,126.1253,249.9316,15.5706,78.0335,370.822,42.4758,14.7052,168.8915
2021-05-28,125.0642,250.6562,16.0793,80.2869,371.4995,42.3214,14.658,169.7661
2021-06-01,124.5894,248.592,16.1593,81.5768,380.878,42.9827,14.6649,166.4449
2021-06-02,124.769,247.6484,16.687,81.9006,382.4495,42.9426,14.8612,166.19
2021-06-03,123.7708,245.0698,16.9784,80.9278,387.0988,43.2603,15.7237,166.1812
2021-06-04,125.368,250.2145,17.512,81.5359,389.8264,43.1501,16.0577,166.4249
2021-06-07,125.3691,252.6622,17.506,81.1195,389.1918,43.1564,15.8118,165.2289
2021-06-08,127.0742,253.5686,17.4226,81.1515,384.7195,42.9421,15.6177,163.4212
2021-06-09,127.0733,254.2112,17.4106,80.316,382.3898,42.435,15.5102,165.2852
2021-06-10,126.6607,256.4281,17.383,81.0576,378.6692,42.0593,15.3097,166.9938
2021-06-11,127.0246,257.5993,17.7643,81.3096,377.0853,41.7329,15.2815,164.9728
2021-06-14,129.6322,258.7219,17.8956,80.9776,373.5082,41.4045,14.9516,164.7477
2021-06-15,129.8358,258.6822,17.8678,80.8425,370.9249,41.2409,14.9754,164.7754
2021-06-16,130.0001,257.8147,17.8059,80.247,370.1325,41.3331,15.026,164.629
2021-06-17,131.5645,260.038,18.5606,83.7018,362.3063,40.269,14.9486,164.7085
2021-06-18,130.7868,260.1638,18.9824,84.7611,351.5598,38.8157,14.5844,162.6385
2021-06-21,131.4999,261.9392,18.1691,82.7142,355.7188,39.5194,14.7666,163.74
2021-06-22,133.0905,264.7953,18.755,83.3815,356.9185,39.8482,14.9191,163.6964
2021-06-23,133.7872,265.3424,19.0565,83.9302,360.5493,40.2412,15.342,162.8799
2021-06-24,133.7663,266.7737,19.2609,86.1663,367.4342,40.6868,15.2901,163.316
2021-06-25,133.2362,265.3848,19.0472,85.6725,368.7083,41.5262,15.2627,164.1168
2021-06-28,134.8066,268.1287,19.8752,87.2823,367.4048,41.4218,14.9541,164.1487
2021-06-29,135.9422,270.4822,19.8829,89.3045,374.2159,41.1757,15.0141,163.9862
2021-06-30,136.8187,270.6723,20.0016,93.1399,377.6343,41.1602,14.9223,164.3831
2021-07-01,136.6708,270.7933,20.2299,93.0525,376.257,41.4715,14.9063,165.5514
2021-07-02,139.1986,276.3861,20.4046,94.2938,374.0476,41.234,14.9337,168.1509
2021-07-06,141.7417,277.4582,20.6616,94.3575,368.8489,40.1746,14.553,167.7163
2021-07-07,144.0183,279.6527,20.4975,92.131,366.9155,39.7338,14.2446,168.9101
2021-07-08,142.5427,277.1555,19.91,89.4179,358.741,38.7888,14.0008,168.6958
2021-07-09,144.7844,277.0749,19.9325,90.2031,369.7504,39.9199,14.442,169.8141
2021-07-12,144.7868,277.5176,20.3814,90.4733,379.4306,40.4457,14.5828,169.6531
2021-07-13,146.0546,281.0168,20.309,90.5885,376.9636,39.9387,14.4482,169.2772
2021-07-14,148.8217,282.6312,19.9929,89.8192,374.7558,38.5345,14.3294,170.2828
2021-07-15,148.4417,281.0044,19.1977,87.6392,374.1817,38.8394,14.0953,168.6183
2021-07-16,147.6247,281.6857,18.4888,86.588,367.4666,38.154,13.7773,168.4843
2021-07-19,142.6131,277.0244,18.64,86.0945,352.4536,36.8756,13.1262,166.5978
2021-07-20,145.5723,279.0782,18.5006,86.5718,363.1279,37.6691,13.7385,168.9286
2021-07-21,145.3658,280.489,19.2491,88.6952,372.6456,38.469,14.167,168.9698
2021-07-22,146.991,285.5054,19.5284,90.2762,371.5568,37.9825,13.919,170.0121
2021-07-23,148.0368,288.9299,19.4618,91.53,373.6292,37.7868,13.8356,171.6309
2021-07-26,149.1182,288.5004,19.2374,91.8686,375.1337,38.0967,13.9897,171.6865
2021-07-27,146.8324,285.3983,19.0991,91.1418,372.9319,37.853,13.7811,172.2447
2021-07-28,144.8875,287.211,19.4387,95.7255,375.0963,38.1368,13.8404,172.6707
2021-07-29,145.8064,286.8593,19.7004,102.7649,377.5575,38.7469,14.4915,171.9558
2021-07-30,145.3967,284.9562,19.4566,105.7199,375.6033,38.3736,14.0079,172.3222
2021-08-02,145.8599,285.2642,19.7382,108.1271,381.3986,38.2926,14.0247,172.2665
2021-08-03,146.7499,286.0974,19.7483,111.6743,378.1799,38.2627,13.919,173.8767
2021-08-04,147.0473,286.3071,20.1328,118.96,379.2149,38.4054,13.5309,173.7779
2021-08-05,147.1115,288.4802,20.5701,113.8164,383.0454,38.8999,13.6864,173.1748
2021-08-06,146.2139,288.8028,20.4179,113.086,394.9589,40.0871,13.8308,172.9792
2021-08-09,146.1113,288.6941,20.3365,109.4587,400.1309,40.5992,13.713,173.5254
2021-08-10,146.1315,286.8988,20.0616,106.8651,407.1343,41.319,13.8166,173.5704
2021-08-11,146.0228,286.9447,19.693,107.8159,412.6079,41.924,13.8145,173.863
2021-08-12,148.0103,289.0645,19.8739,106.9927,414.1558,42.1052,13.8981,174.8141
2021-08-13,148.9194,291.3639,20.0702,109.9916,410.8186,41.6411,13.7054,175.652
2021-08-16,149.4001,293.0005,19.81,107.6411,406.4228,41.0732,13.4534,177.3038
2021-08-17,150.2473,292.6055,19.4703,107.1437,404.3558,41.071,13.022,178.8413
2021-08-18,148.2985,292.5995,19.3145,105.1896,401.586,41.0716,13.0675,177.8843
2021-08-19,146.4409,294.7394,19.7814,104.0987,393.8619,40.2743,12.7171,178.4747
2021-08-20,147.8157,303.5992,20.5155,104.8531,394.6528,40.2739,12.5123,179.4097
2021-08-23,149.4893,304.2828,21.6849,107.2583,401.9979,40.9595,12.6718,177.8564
2021-08-24,149.9034,303.0899,21.7834,108.138,407.1694,41.4363,13.0215,175.8807
2021-08-25,148.5982,301.9554,22.2789,108.5066,413.8076,42.1556,13.1854,174.4062
2021-08-26,148.1147,300.2966,22.0841,107.9392,415.3911,42.335,12.9433,173.6035
2021-08-27,148.1201,299.2422,22.5001,110.625,418.4981,42.3746,13.2074,173.4537
2021-08-30,152.1466,303.2701,22.7521,112.4562,414.7587,41.8974,13.1331,173.7012
2021-08-31,152.0192,302.7647,22.3825,110.3276,412.9402,41.8066,13.0385,173.1704
2021-09-01,153.7673,303.0256,22.5105,110.7471,413.7828,41.3032,13.0881,173.3117
2021-09-02,153.6101,301.3689,22.4343,109.72,414.925,41.1192,13.0793,174.7529
2021-09-03,154.0218,301.4777,22.769,110.1907,411.9687,40.9959,12.9259,174.8948
2021-09-07,156.1841,299.9436,22.669,109.3145,411.5011,41.5178,12.9385,172.6719
2021-09-08,155.1093,299.1185,22.2569,106.6893,406.6194,40.9504,13.026,171.9807
2021-09-09,154.8505,298.6934,22.3083,106.5143,405.8178,41.0179,12.8071,168.9618
2021-09-10,150.9988,297.3192,22.4737,106.0338,405.2516,40.5494,12.7713,167.3848
2021-09-13,149.6982,296.1317,22.1107,103.8611,407.5138,40.7477,12.8354,166.0181
2021-09-14,148.8369,299.9204,22.26,105.8099,407.494,40.155,12.8855,165.2057
2021-09-15,148.0322,303.9982,22.1679,104.9388,400.3339,40.0645,13.0898,165.2286
2021-09-16,148.151,303.5104,22.1103,105.173,397.4077,40.5149,13.3257,165.0822
2021-09-17,146.6992,301.0029,22.026,104.533,392.2709,40.4297,13.5536,164.4457
2021-09-20,142.7526,293.8269,21.0272,100.9992,376.6024,38.9468,12.8244,163.7301
2021-09-21,143.74,295.6193,21.2416,102.4618,377.0698,39.2274,12.7958,164.83
2021-09-22,145.4092,298.1538,21.71,103.8074,385.598,40.1709,13.2016,164.2872
2021-09-23,146.6924,299.7428,22.3378,105.8643,391.5155,41.5288,13.6293,165.1635
2021-09-24,146.4928,298.4973,22.0203,105.43,391.1299,42.1454,13.8299,164.5523
2021-09-27,145.1074,294.4246,21.5902,106.7228,399.5658,43.2074,14.1735,163.3422
2021-09-28,142.6723,285.4855,20.857,103.3715,393.4193,43.3983,14.4355,162.7256
2021-09-29,143.3984,284.6546,20.7041,101.1924,386.5059,43.1006,14.3182,163.8857
2021-09-30,142.4016,283.9371,20.8413,103.4892,380.0783,42.6788,14.1987,162.6258
2021-10-01,141.1056,286.6369,20.5265,101.8282,379.9326,42.9749,14.1733,160.376
2021-10-04,139.2908,282.6776,19.8202,100.4185,376.604,43.4131,14.4736,159.2137
2021-10-05,140.9927,288.1714,20.3787,101.8736,385.1793,44.3323,14.2514,160.0998
2021-10-06,140.3828,290.4564,20.5227,102.1323,384.8788,43.9844,14.0664,159.2008
2021-10-07,143.6657,295.4481,21.1508,106.7375,393.6888,44.3824,14.7985,161.6873
2021-10-08,143.1747,295.1334,20.9543,105.6759,392.1866,44.4502,15.2094,160.9843
2021-10-11,143.6675,295.5286,20.8597,105.9594,390.0124,44.2591,15.188,160.5803
2021-10-12,141.8587,293.5962,20.7478,105.1468,385.9241,43.6197,15.5142,158.0531
2021-10-13,140.3071,295.4309,20.8703,108.7749,384.652,43.0024,15.5197,159.0501
2021-10-14,143.2173,301.3498,21.5361,111.3997,388.4136,44.5116,15.4667,160.4294
2021-10-15,144.3214,302.7966,21.8214,112.1455,402.1434,46.1506,15.8112,161.2715
2021-10-18,145.4235,305.8543,22.1179,115.1789,412.9927,46.4009,15.5654,160.1593
2021-10-19,148.329,308.284,22.2428,116.0019,412.2052,46.4417,15.4941,163.716
2021-10-20,149.0905,307.6084,22.1883,116.7752,409.8692,46.9007,15.9056,164.0087
2021-10-21,149.0317,309.387,22.5057,118.337,407.9261,46.9527,16.4456,163.1156
2021-10-22,149.2955,309.3104,22.8243,119.8979,413.4938,47.4182,16.3632,163.6555
2021-10-25,148.5067,308.1977,23.0881,121.5234,415.5997,47.5362,16.0424,163.6546
2021-10-26,149.5911,310.5962,24.7204,124.465,417.475,48.0732,15.9252,165.2922
2021-10-27,149.1193,322.6143,24.7034,124.2464,412.7533,47.3907,15.8577,163.847
2021-10-28,151.5945,323.3879,24.7609,121.5454,412.5496,47.7048,17.0072,163.3921
2021-10-29,148.3331,329.1131,25.4543,120.8902,413.3415,47.8412,17.0263,162.2894
2021-11-01,148.8099,328.4407,25.6712,122.1798,415.8223,47.6869,17.6294,163.0307
2021-11-02,150.3583,332.5283,26.3008,126.746,422.7805,47.9792,17.9732,165.7431
2021-11-03,150.9171,332.9858,26.4709,129.143,417.8311,48.2563,18.3895,164.4192
2021-11-04,151.3974,334.9213,29.4886,135.342,407.4719,47.2908,19.1852,164.0039
2021-11-05,151.0887,336.4792,30.4574,137.6687,409.6038,47.2335,19.3944,163.2285
2021-11-08,150.8187,336.2122,30.6451,148.2123,410.3113,47.4829,20.0522,162.8125
2021-11-09,150.792,336.3103,31.0714,148.787,403.7339,46.8045,19.9803,162.6323
2021-11-10,148.6034,331.7579,29.7824,142.3089,400.6031,47.2357,19.7503,163.9368
2021-11-11,148.169,332.6575,30.2188,143.9496,402.2335,47.5496,19.5645,163.017
2021-11-12,149.3536,335.5457,30.2397,146.9691,403.0642,46.9677,19.446,165.7194
2021-11-15,150.2881,335.6981,29.8668,145.9768,405.2774,47.1828,19.6682,164.0764
2021-11-16,150.6976,339.0523,30.0627,150.246,402.9347,47.0505,19.761,163.1663
2021-11-17,153.5371,339.8226,29.6556,152.0776,394.1134,46.6074,19.7821,163.1271
2021-11-18,156.3264,340.1626,31.9979,155.5313,390.364,46.4356,19.762,162.659
2021-11-19,159.5736,343.3237,32.6917,155.6095,385.519,45.3244,19.4248,162.6547
2021-11-22,163.5891,343.9656,33.1915,156.8159,396.8376,46.4667,20.2432,160.9487
2021-11-23,160.3405,336.5601,31.5141,148.4875,403.1841,47.3027,20.1729,160.0608
2021-11-24,161.1093,336.6413,32.1688,154.1556,400.657,47.6773,20.1734,160.2112
2021-11-26,157.8439,332.2818,31.845,155.3544,386.7795,45.3734,19.6531,159.7761
2021-11-29,160.1333,336.9814,32.8101,159.5183,387.3353,45.7037,19.7225,159.6468
2021-11-30,163.775,331.867,32.5674,159.4326,380.794,44.6653,19.34,156.8831
2021-12-01,167.6855,334.3751,32.4561,155.2622,383.0529,44.7223,20.0181,158.348
2021-12-02,161.8301,330.0851,31.979,150.0484,385.7504,44.8956,19.8333,157.4898
2021-12-03,161.8243,322.6431,30.6944,143.8447,383.3669,44.0568,19.4184,158.9726
2021-12-06,165.8234,324.3146,29.3365,137.7178,389.5969,44.4043,19.1372,162.6255
2021-12-07,170.5609,334.1083,31.7819,143.7969,399.6387,44.6754,19.8739,163.2974
2021-12-08,174.0176,333.395,31.8798,144.8426,397.8603,44.272,19.8788,163.9522
2021-12-09,175.277,333.901,31.1527,141.0755,396.948,44.3759,19.6857,165.2608
2021-12-10,177.2721,340.3678,30.2964,138.0924,392.1305,44.4083,20.79,165.4403
2021-12-13,178.5988,340.802,29.0587,135.648,384.9949,43.6856,20.6179,167.6929
2021-12-14,174.4001,328.0207,27.9966,134.3887,389.0763,44.2541,19.8344,169.7216
2021-12-15,176.0771,330.3825,29.0743,139.7049,387.0268,43.9648,19.8985,170.7567
2021-12-16,174.4138,327.6775,29.0654,140.553,396.7047,44.9397,20.6561,172.8661
2021-12-17,171.2628,322.3973,28.1622,138.8237,383.3792,43.9713,19.8842,168.6119
2021-12-20,169.2626,319.6158,27.577,135.5696,369.7165,43.0123,19.2771,167.6924
2021-12-21,171.4815,324.8129,28.4181,140.458,379.5591,44.1304,19.542,167.0952
2021-12-22,174.3316,330.8736,29.1544,142.5961,382.2375,44.275,20.0885,167.5135
2021-12-23,176.1477,334.9327,29.738,146.7813,385.1357,44.5496,20.224,168.4642
2021-12-27,179.0573,340.5691,30.7227,152.5709,387.2055,44.6172,20.67,169.4319
2021-12-28,179.7048,341.7182,30.4624,153.3206,388.3128,44.7661,20.7947,170.1932
2021-12-29,179.4557,341.9364,29.8632,149.0511,386.5846,44.7295,20.6022,171.2788
2021-12-30,179.3744,340.8846,30.0514,147.0896,386.6606,44.6695,20.6622,172.3823
2021-12-31,177.8004,336.9168,29.5736,145.5221,382.7412,44.4838,20.8183,171.5405
2022-01-03,181.4156,333.3801,30.2209,149.5878,395.0489,46.0847,21.5556,170.8098
2022-01-04,180.5574,329.4477,29.0815,144.349,407.1135,47.9986,23.8642,171.3507
2022-01-05,177.2884,320.0278,28.2894,139.3226,404.3267,47.8212,24.1781,172.5017
2022-01-06,173.08,315.2052,27.951,135.458,394.9661,47.8708,24.0257,171.616
2022-01-07,172.4383,313.7812,27.5184,133.4287,397.9322,48.9875,24.4771,173.5609
2022-01-10,170.2886,309.9294,26.3894,128.5073,398.7343,48.9524,23.7649,172.9329
2022-01-11,173.6337,314.2093,27.5461,136.1279,400.4978,48.9992,23.8968,170.9936
2022-01-12,175.8343,319.4289,28.0766,138.0222,393.0215,48.887,24.4127,169.4605
2022-01-13,173.9711,309.6876,27.1434,135.7041,393.0818,49.0241,25.2714,169.2315
2022-01-14,172.3612,307.9922,26.7805,135.0553,380.192,47.7783,24.8875,167.7926
2022-01-18,170.5404,304.6894,26.1282,133.7456,352.2876,46.5477,24.5955,167.0706
2022-01-19,168.2999,308.2993,25.6199,130.7284,350.2353,47.0102,23.0726,167.2605
2022-01-20,167.0706,307.057,24.9445,125.8506,352.2637,46.3786,22.236,166.2444
2022-01-21,163.8807,299.621,23.8126,121.3988,344.8953,45.2369,20.9353,165.5432
2022-01-24,158.6897,288.8074,22.1419,112.3266,334.6012,43.6929,19.6555,161.7963
2022-01-25,159.4274,288.3988,22.4305,112.02,338.313,45.0303,19.9315,166.4218
2022-01-26,161.41,300.3828,23.2358,113.1532,345.3737,45.9208,20.2521,168.1232
2022-01-27,161.2969,302.4325,22.4235,106.2354,342.3968,45.8033,19.8807,170.7154
2022-01-28,167.3083,302.7982,22.111,102.618,341.442,45.2225,19.2762,170.9333
2022-01-31,173.1568,309.4288,23.933,111.4309,351.6088,45.9633,20.0504,171.9861
2022-02-01,173.7061,307.3995,24.4169,116.1475,360.9479,46.7044,20.4479,170.432
2022-02-02,174.9413,312.2137,25.1591,124.0596,362.3144,46.7268,20.5677,171.9702
2022-02-03,174.3835,305.2465,24.4077,122.1374,361.4989,46.7692,20.0432,172.6244
2022-02-04,172.3165,305.3962,24.2277,122.3,366.1479,47.8256,17.8844,171.9155
2022-02-07,172.4426,303.3434,24.7631,125.4259,367.6423,48.4392,17.894,171.0566
2022-02-08,173.8127,303.6698,24.7346,125.9646,369.7227,49.3439,17.4951,171.3001
2022-02-09,175.8287,309.6261,26.2101,130.7954,374.0036,49.3836,18.2527,171.5383
2022-02-10,173.5408,304.061,26.3038,128.902,373.0383,49.4805,18.2873,169.6758
2022-02-11,170.1997,298.1235,24.6963,117.652,367.0235,48.4471,17.8265,168.5284
2022-02-14,168.3917,294.405,24.348,116.0441,360.7564,47.4412,17.4779,165.3479
2022-02-15,171.6596,299.5681,25.9888,118.5217,363.9879,47.8852,17.9566,167.1758
2022-02-16,171.6489,297.4874,26.1368,116.8985,359.8497,47.7365,17.9746,166.9726
2022-02-17,170.1812,292.994,24.6971,114.5982,351.3009,46.4081,17.6592,166.2391
2022-02-18,167.7969,289.1356,23.7334,112.784,345.8453,46.0509,18.0768,163.9185
2022-02-22,164.5551,287.6534,23.4421,116.2412,344.8759,45.5496,17.3884,161.5855
2022-02-23,162.1577,284.2303,23.0327,113.1846,342.9263,45.1937,17.198,161.5548
2022-02-24,158.0144,285.4542,22.4875,111.2883,334.8185,42.9534,16.6081,157.6426
2022-02-25,163.7895,295.6957,23.8785,119.3594,347.6302,44.7489,17.6495,164.8471
2022-02-28,164.268,296.5331,24.1809,122.2431,340.6171,43.9503,17.4599,164.1909
2022-03-01,164.16,295.8563,23.6382,116.8472,329.5491,42.5342,16.7962,163.7424
2022-03-02,165.8095,298.8646,24.0276,116.7418,333.812,43.1715,17.8434,166.0681
2022-03-03,166.918,297.4481,23.8564,113.6286,334.5279,42.6904,17.6977,168.1183
2022-03-04,163.398,289.9672,22.9405,109.0619,327.2769,40.8024,16.8594,168.8494
2022-03-07,161.4026,281.6699,21.9365,105.5087,323.7613,38.8678,16.2755,171.4107
2022-03-08,158.7737,276.5819,21.5355,105.1526,323.5116,38.838,16.2219,170.4253
2022-03-09,161.9446,286.2058,22.786,109.6319,333.9825,40.9924,16.4959,169.3332
2022-03-10,158.0284,283.9699,22.363,105.3382,328.3783,40.6467,16.0886,169.2571
2022-03-11,156.1598,283.7288,22.4984,105.9691,330.6278,40.666,16.1699,170.0911
2022-03-14,151.683,279.6999,21.606,102.9819,326.2885,41.4182,15.8411,172.2392
2022-03-15,153.4741,284.064,22.522,107.2246,328.853,41.363,15.9221,175.0741
2022-03-16,157.6528,290.7357,23.999,113.4357,339.1093,42.594,16.4476,173.999
2022-03-17,159.4208,293.1691,24.4455,111.3938,340.4963,42.6136,16.4096,176.2703
2022-03-18,162.5971,297.9485,26.0269,113.2347,344.2296,42.6985,16.6713,175.0798
2022-03-21,164.7355,297.8602,26.5168,114.9022,339.6974,42.8605,16.5681,175.8002
2022-03-22,168.2308,303.1289,26.7399,115.4907,343.1178,44.1596,17.0607,174.8123
2022-03-23,170.7915,300.5899,26.0321,114.9937,337.0889,43.3178,16.7681,174.5733
2022-03-24,172.2655,301.84,27.5465,118.1638,336.1008,43.1111,16.8233,174.8583
2022-03-25,174.0232,302.5129,27.7375,119.1074,337.9805,43.7066,16.5032,176.6336
2022-03-28,174.3754,308.8785,27.8188,118.7755,334.0938,43.2808,16.4712,177.3237
2022-03-29,177.8604,313.2741,28.4598,121.836,340.1558,43.4888,17.5778,177.7223
2022-03-30,178.1191,313.7134,27.987,122.5614,336.3956,43.1161,17.4268,179.085
2022-03-31,175.8765,310.4193,27.7238,111.5459,332.0978,41.7719,17.0736,178.4245
2022-04-01,173.4143,308.0485,26.6626,107.6161,330.2717,40.8363,16.6005,177.291
2022-04-04,177.4855,313.7554,27.2529,109.3253,328.2526,40.7613,16.6049,176.4342
2022-04-05,175.9791,311.7992,26.2917,107.8984,325.3356,40.3208,16.0163,178.2337
2022-04-06,171.7887,300.4693,24.5265,103.4221,317.4628,39.7003,15.3717,181.1887
2022-04-07,171.8049,300.9241,24.1549,103.4132,311.8807,39.3093,14.8595,181.9637
2022-04-08,170.5154,298.2833,23.325,101.4496,320.1881,39.7755,15.156,182.1261
2022-04-11,166.692,286.8651,21.9556,97.3423,323.6024,39.8314,15.3722,180.8644
2022-04-12,168.0916,284.9687,21.8722,96.7988,321.832,39.3701,15.4696,179.9097
2022-04-13,169.6805,285.8202,22.0632,97.1397,320.2088,38.769,15.413,180.2671
2022-04-14,167.2264,282.3705,21.7276,95.1994,323.991,37.9699,15.5877,180.247
2022-04-18,164.9284,280.1829,21.6403,93.6016,328.2458,38.7032,15.5919,177.9924
2022-04-19,166.5491,283.7503,22.0426,95.8772,335.1651,39.5668,16.0884,183.3788
2022-04-20,167.3492,286.9915,21.6416,94.8786,341.8858,39.9288,16.1474,183.5398
2022-04-21,168.8014,285.5863,20.8547,91.8365,338.1407,39.2974,15.9079,183.629
2022-04-22,164.2289,277.0631,19.8893,89.4149,323.9287,37.9796,15.2924,182.1418
2022-04-25,160.7032,276.9162,19.4939,89.847,317.7639,36.6864,14.9368,184.6227
2022-04-26,158.6074,273.1034,18.9878,86.4469,315.2898,36.7762,14.8144,185.5422
2022-04-27,157.4448,285.1692,18.6427,85.7859,314.9096,36.4292,14.881,182.9755
2022-04-28,161.8622,286.9376,19.35,87.8187,316.737,36.6482,14.4309,183.3671
2022-04-29,160.7133,281.5777,19.136,87.9667,309.5798,36.0482,14.4855,180.9361
2022-05-02,156.0357,280.8292,18.9745,87.5013,308.1309,35.942,14.0592,179.0044
2022-05-03,158.8014,281.9915,19.5283,91.2934,315.4273,37.1308,14.5349,178.7747
2022-05-04,162.4245,284.0704,19.506,94.9872,318.8574,37.9918,14.6279,179.0274
2022-05-05,158.143,277.791,18.9508,94.5011,312.9411,37.4378,14.5373,176.7285
2022-05-06,157.3298,274.9419,18.7534,95.6033,310.5189,37.2395,14.2027,175.706
2022-05-09,153.1029,266.3383,17.402,88.7007,309.5387,36.4853,13.6054,177.1334
2022-05-10,154.8376,269.8717,17.6061,88.0634,306.02,35.8389,13.3386,177.3412
2022-05-11,149.4468,263.2184,17.1193,90.3059,304.8463,36.0636,13.1092,176.8596
2022-05-12,142.066,254.7634,16.072,85.6857,298.2057,34.8238,12.4339,176.7271
2022-05-13,146.3255,260.1715,17.4846,93.7404,306.9653,35.2605,13.3645,177.2787
2022-05-16,145.7814,260.8411,17.4449,95.6253,303.7009,34.7893,13.1599,177.9637
2022-05-17,148.443,265.5584,18.0081,100.8915,311.804,35.8801,13.4068,178.3829
2022-05-18,142.6901,256.42,17.3659,99.0566,308.063,35.0552,12.9458,176.9604
2022-05-19,138.66,254.4025,17.2781,98.2046,307.4461,34.4744,12.8966,173.6465
2022-05-20,136.397,251.557,16.3892,92.4659,305.2501,33.7372,12.4184,175.7293
2022-05-23,141.4344,258.9217,16.646,93.392,317.2491,35.8076,12.7804,179.2421
2022-05-24,139.4136,257.8803,16.124,91.2651,311.8394,35.4405,12.4115,180.6734
2022-05-25,140.0769,260.9506,16.5718,91.6585,313.443,35.7985,12.6384,179.9832
2022-05-26,142.3902,265.2818,17.4678,97.6949,323.6302,36.6342,13.0853,179.863
2022-05-27,148.1995,271.6528,18.5511,101.1786,326.209,36.8455,13.4859,180.2228
2022-05-31,149.0998,272.0011,18.7464,102.6935,327.0088,37.1821,13.6795,178.9951
2022-06-01,149.3747,273.3295,18.5438,101.5856,321.0102,36.7095,13.6199,177.4163
2022-06-02,149.5215,269.0219,19.1976,106.4954,322.8534,36.477,13.82,175.9988
2022-06-03,145.8127,270.3279,18.8642,106.5871,319.1395,36.2881,13.507,176.9279
2022-06-06,146.6167,270.0763,18.9127,106.515,321.6896,36.4726,13.4867,176.9825
2022-06-07,147.5529,270.6967,18.728,104.882,320.9607,36.1905,13.5602,177.8716
2022-06-08,148.6118,271.1519,18.8111,102.9249,315.5668,35.8387,13.6093,177.7946
2022-06-09,145.3266,268.0203,18.5138,101.4918,309.2252,34.9556,13.4431,175.276
2022-06-10,138.1785,254.9867,17.1443,96.1105,289.5645,33.3523,12.8152,172.6206
2022-06-13,133.128,244.2909,15.8681,88.878,282.8903,32.2095,11.9199,171.1582
2022-06-14,132.5738,243.7922,15.764,87.0239,284.3522,31.7382,12.1999,168.559
2022-06-15,134.625,250.6363,16.3468,88.3705,289.8762,31.9801,12.2792,169.8919
2022-06-16,130.4622,244.875,15.5978,82.7891,283.1869,31.5129,11.3796,169.4793
2022-06-17,131.491,247.3623,15.7816,81.5812,281.4348,32.0401,11.2243,170.0057
2022-06-21,135.8508,253.4288,16.7552,84.4948,285.0969,32.9005,11.5047,172.7299
2022-06-22,135.8581,254.1738,16.442,84.5042,284.2798,32.6731,11.5113,176.183
2022-06-23,137.2859,257.2249,16.1517,82.1052,283.1491,31.8437,11.4408,178.5837
2022-06-24,140.8332,265.9715,16.8626,86.2039,300.3343,32.2006,11.9803,181.774
2022-06-27,142.0413,265.2573,16.9318,86.6564,301.0328,32.2597,12.0502,182.3856
2022-06-28,139.3752,259.1302,16.3504,82.5051,302.7819,32.6127,12.042,178.6308
2022-06-29,139.2737,260.0577,15.4499,77.6986,303.9054,31.9591,11.5178,177.2867
2022-06-30,136.476,256.7307,15.2044,77.0635,296.6759,31.0993,11.1569,176.9182
2022-07-01,137.4774,257.7792,14.621,73.7533,296.8282,31.2446,11.2169,178.4473
2022-07-05,139.7669,259.6188,14.6281,73.8129,294.2824,30.8559,10.9297,176.9356
2022-07-06,142.5582,265.3515,15.0768,74.8279,293.474,30.9118,11.0098,178.2538
2022-07-07,145.6754,267.941,15.7056,78.831,296.9813,31.7932,11.5675,178.2776
2022-07-08,146.6409,266.3527,15.7147,79.032,297.4116,31.8767,11.6364,178.7674
2022-07-11,145.1524,264.4908,15.209,77.1301,293.7,31.4731,11.398,178.3431
2022-07-12,146.7948,256.3041,15.1529,76.1027,295.0664,31.5535,11.5516,176.5274
2022-07-13,145.1932,251.3602,15.0632,77.5508,289.2693,30.8053,11.43,175.407
2022-07-14,146.591,251.4169,15.1111,77.6831,280.7196,29.9809,11.2867,174.9446
2022-07-15,149.5097,257.0741,15.6245,79.8422,292.4208,31.8833,11.749,177.8558
2022-07-18,149.0297,256.9949,16.4331,82.6533,303.0822,32.5105,12.0783,175.3132
2022-07-19,149.7493,257.9481,16.7345,84.7643,314.8996,33.2764,12.5543,172.2019
2022-07-20,152.6255,261.9933,17.5914,88.1647,320.0327,33.2536,12.6683,171.1886
2022-07-21,154.3545,262.0806,17.9006,90.2422,324.8566,33.3803,12.8389,170.7927
2022-07-22,154.6233,261.3876,17.4155,88.4109,324.4225,33.4207,12.8598,171.809
2022-07-25,153.3004,258.5975,16.8753,86.5413,324.2265,33.7469,12.8415,172.3651
2022-07-26,151.6799,252.4793,16.6495,85.9053,320.0087,33.2479,12.6056,173.8349
2022-07-27,155.2412,265.6154,17.4997,88.6716,323.1944,33.3631,13.1337,172.7636
2022-07-28,157.4654,274.291,17.843,90.5839,327.6053,33.317,13.8109,174.219
2022-07-29,162.249,279.8359,18.0212,93.1624,333.3774,33.737,14.4576,174.092
2022-08-01,162.1045,278.4445,18.4827,96.6875,332.161,33.628,15.1899,174.2287
2022-08-02,160.6921,274.9038,18.5328,98.3868,328.9656,33.3476,15.294,173.8901
2022-08-03,164.9105,281.282,18.6189,97.112,333.3141,33.496,15.7047,174.1679
2022-08-04,165.5946,282.5465,19.0425,102.2693,331.9554,33.3727,15.431,172.5217
2022-08-05,164.7432,281.721,18.9323,102.5135,334.2674,33.9266,15.283,170.9374
2022-08-08,165.8939,282.0016,17.6745,99.9954,336.0812,33.7199,15.7975,170.4688
2022-08-09,164.8395,281.3194,17.054,95.6447,336.4857,33.7941,15.3341,170.3148
2022-08-10,168.3496,288.6242,17.7989,97.7773,347.4487,35.1064,15.409,170.3934
2022-08-11,169.3737,288.1876,18.2419,100.0883,352.9799,35.8693,15.7685,168.0437
2022-08-12,171.0754,289.9108,18.462,100.5602,353.0914,36.0986,16.06,165.8461
2022-08-15,172.6254,292.4294,18.8687,100.7903,355.5164,36.1056,16.26,166.0447
2022-08-16,172.7427,292.4112,18.8423,99.9406,354.5929,36.5956,16.4484,167.1698
2022-08-17,174.3135,291.3739,18.3502,97.8528,352.7387,36.3538,16.0837,167.7261
2022-08-18,174.1366,290.5375,18.6467,99.6142,353.3181,36.1981,16.0512,166.9838
2022-08-19,172.2302,286.8317,17.9959,96.3808,349.1571,35.5489,15.8848,168.9963
2022-08-22,168.2677,278.8803,17.1972,93.3367,342.434,34.6741,15.0798,167.7848
2022-08-23,167.6231,276.841,17.2353,93.273,340.7988,34.5492,15.3006,166.317
2022-08-24,167.3144,276.0336,17.1398,92.4121,341.7273,34.4463,15.5366,165.6789
2022-08-25,169.3503,276.986,17.5424,96.2927,345.3301,35.0796,15.8689,166.0547
2022-08-26,165.9997,271.1515,16.8939,93.6272,338.9393,34.4281,15.5994,165.5094
2022-08-29,161.5291,265.6183,15.9681,89.2906,334.1447,33.9189,15.5123,163.0879
2022-08-30,159.2926,262.964,15.4814,86.8503,333.5077,34.0087,15.4056,162.6284
2022-08-31,158.3972,262.8825,15.1287,84.9581,332.4853,33.8817,15.3491,162.0162
2022-09-01,156.5232,258.2566,13.7115,80.5509,330.1444,33.1317,14.9767,164.3128
2022-09-02,157.6597,258.8321,13.8429,81.6123,334.9531,33.8976,15.322,164.1969
2022-09-06,155.012,254.1903,13.553,79.2561,326.3766,33.0422,15.0204,164.1466
2022-09-07,155.306,256.7283,13.5879,78.9759,329.6785,33.3964,15.2772,163.6959
2022-09-08,154.3949,257.6878,13.7804,81.7927,334.0798,34.331,15.2858,164.6485
2022-09-09,156.6625,263.845,14.3418,84.9458,339.5747,35.0021,15.452,165.5462
2022-09-12,162.4763,266.392,14.3828,84.3419,342.439,35.2562,15.577,165.7471
2022-09-13,156.1544,254.603,13.436,78.6238,330.4124,34.2321,14.9468,162.1277
2022-09-14,155.2607,252.032,13.0764,77.107,326.9198,33.9043,14.6614,164.5003
2022-09-15,153.0058,246.6039,12.9957,76.5445,331.9311,34.4689,14.9869,165.1672
2022-09-16,150.2326,243.9454,12.9724,75.6742,324.8937,34.0647,14.6382,166.9715
2022-09-19,152.5543,243.2548,13.2934,76.5347,327.1785,34.5159,14.7889,165.7105
2022-09-20,156.1314,241.8909,13.2661,75.6555,322.6916,34.2895,13.417,164.9436
2022-09-21,156.2959,242.6906,13.4858,76.1226,324.2414,33.7716,13.3611,165.044
2022-09-22,152.5709,240.7113,12.675,70.8233,314.2303,32.6335,12.9129,166.1107
2022-09-23,150.0222,238.2822,12.4074,67.7186,301.5807,31.5673,12.1445,166.4515
2022-09-26,151.5222,238.5748,12.3857,67.2454,296.2753,31.1163,12.0736,165.6973
2022-09-27,152.1335,237.0677,12.4843,67.3676,292.2638,30.6879,11.9208,165.4041
2022-09-28,147.5981,239.2601,12.6296,68.0225,299.5244,31.0227,12.0703,166.3864
2022-09-29,142.9002,236.4609,12.1685,64.3588,295.7289,30.6147,11.5056,164.6325
2022-09-30,140.3818,235.717,12.3512,64.4009,295.1729,30.5304,11.3381,164.0699
2022-10-03,141.2135,238.9979,12.4823,65.7581,298.5136,30.9994,11.4738,163.287
2022-10-04,145.4907,248.3777,13.072,68.2579,312.5969,32.2682,12.2168,165.2197
2022-10-05,145.2495,247.5403,12.9733,66.6192,307.623,31.7762,12.3732,165.1579
2022-10-06,146.0741,247.8246,13.2955,68.5852,305.2904,31.5534,12.3921,162.6043
2022-10-07,140.7932,235.5773,12.2963,60.6017,301.467,30.7294,12.1619,160.416
2022-10-10,140.1978,229.7802,11.6601,57.4554,301.3338,30.6301,11.3454,160.2939
2022-10-11,139.5393,226.3341,11.5705,57.5103,296.5983,29.8731,11.5898,162.7461
2022-10-12,139.0968,225.9151,11.5272,57.5191,296.4145,30.0165,11.5619,163.358
2022-10-13,139.7607,230.3739,11.6197,57.9759,303.0444,31.1286,11.6181,164.3635
2022-10-14,139.9229,230.805,11.4359,57.0045,302.4184,31.8963,11.7008,164.6546
2022-10-17,141.9529,237.102,11.8168,57.8722,306.5943,33.4973,11.813,166.5076
2022-10-18,144.0619,239.04,11.9576,57.8652,317.0478,34.7908,12.0486,165.8571
2022-10-19,143.4441,236.6482,12.0524,57.4705,311.4564,34.1062,12.038,164.658
2022-10-20,144.2072,237.1951,12.411,58.6893,311.7868,33.9742,11.913,164.9642
2022-10-21,145.5191,239.3394,12.2786,57.5036,321.8048,34.5236,12.0643,167.7269
2022-10-24,148.3743,245.3763,12.4453,58.1837,328.8819,35.0329,12.3891,171.1362
2022-10-25,151.4347,247.9143,13.1281,61.1333,331.085,35.3017,12.8072,170.4964
2022-10-26,150.0488,233.5731,13.0655,60.3793,335.9319,35.7374,12.8699,172.122
2022-10-27,145.3119,227.6391,13.3674,60.3673,338.5529,36.017,12.9056,172.6483
2022-10-28,154.5822,233.1644,13.5882,61.2973,340.7468,36.0645,13.2092,174.4895
2022-10-31,153.2791,232.713,13.5183,60.3179,344.5448,36.1211,13.3842,173.9744
2022-11-01,150.9807,229.2736,13.6873,60.4573,347.2778,36.2582,13.3651,172.803
2022-11-02,148.2186,224.7701,13.7772,61.2786,350.9274,36.445,13.3339,171.4113
2022-11-03,140.1145,216.6521,13.4271,60.5158,347.4175,35.8298,13.2789,170.4555
2022-11-04,137.3583,218.3495,13.9845,61.7374,355.7218,36.5955,13.4738,170.8465
2022-11-07,137.4671,225.8583,14.1856,62.3526,361.3226,36.9775,13.5953,172.8221
2022-11-08,139.5702,229.2191,14.613,63.9412,364.4333,37.1364,13.6656,173.8253
2022-11-09,135.9897,225.9814,13.9231,60.8835,363.1379,36.635,13.4078,173.536
2022-11-10,144.1322,239.8423,15.2464,66.9244,376.3033,37.8771,14.0994,173.9206
2022-11-11,148.1929,245.5838,16.0599,71.5417,383.8534,38.383,14.4883,168.9471
2022-11-14,148.7236,242.0967,16.3148,74.1751,384.268,37.9671,14.2266,172.161
2022-11-15,151.2356,243.3448,16.7369,77.0857,384.9113,37.7722,14.3608,172.0832
2022-11-16,148.6596,242.0599,16.0919,73.0422,382.2283,37.41,13.9699,173.8428
2022-11-17,149.706,241.2058,15.8672,73.3152,378.8109,36.9973,13.7465,174.263
2022-11-18,151.1944,240.7679,15.4139,73.3291,379.6556,37.2315,13.9567,175.7716
2022-11-21,148.4817,242.283,15.3006,72.3116,378.5612,37.3077,13.9155,175.8566
2022-11-22,149.1957,243.6504,15.7256,73.9178,383.8007,37.5599,14.0624,176.7991
2022-11-23,150.7871,246.8767,16.353,76.6802,386.1279,37.5341,13.9813,176.6834
2022-11-25,148.1668,247.6767,16.3496,75.4426,387.6359,37.7214,14.0435,177.2203
2022-11-28,144.782,242.5337,16.0156,73.7955,383.0196,37.0716,13.7692,177.1714
2022-11-29,142.0517,240.2757,15.7073,73.5897,382.9422,36.9614,13.7787,175.8469
2022-11-30,145.1721,250.4124,16.309,75.3944,382.3715,37.2066,13.7393,177.2771
2022-12-01,148.105,254.3605,17.0605,77.3888,383.1252,36.6782,14.1367,178.604
2022-12-02,146.8594,253.1141,16.6941,75.0444,380.45,36.0508,13.8574,178.0864
2022-12-05,147.6384,250.6795,16.7145,73.9211,371.7723,34.7961,13.5145,178.7471
2022-12-06,143.7902,246.1697,16.0674,70.8559,363.8673,33.103,13.2236,177.0548
2022-12-07,141.1601,244.4617,16.0042,70.2639,360.8796,32.7118,13.2239,177.0557
2022-12-08,142.5153,246.7518,16.7701,70.1876,358.3232,32.464,13.1475,177.0315
2022-12-09,143.2204,246.2204,17.2881,69.5514,359.2904,32.3898,13.2241,176.2947
2022-12-12,143.0063,250.9043,17.2136,69.4681,361.8697,32.5757,13.2927,177.0515
2022-12-13,146.5933,258.0996,18.1845,72.6391,369.9168,32.935,13.5779,179.4132
2022-12-14,144.2495,258.7836,17.8752,70.1703,363.3785,32.551,13.5923,180.0611
2022-12-15,137.6359,249.5733,16.9293,66.7034,350.6674,31.7168,13.0836,177.4
2022-12-16,134.9476,245.2971,16.63,65.4526,345.9494,31.6455,12.2822,175.818
2022-12-19,132.4667,240.6751,16.2878,64.2993,344.6921,32.0189,11.7225,175.3138
2022-12-20,131.8489,241.363,16.116,65.2148,345.4194,32.3279,11.4732,175.7985
2022-12-21,135.315,244.0321,16.4684,67.1261,349.6763,32.68,11.7057,177.2789
2022-12-22,131.8997,237.1404,15.3102,63.4574,344.3361,32.2337,11.2538,176.7715
2022-12-23,131.1521,237.2671,15.131,63.9565,345.7504,32.4396,11.3214,177.0826
2022-12-27,129.9522,237.264,14.4074,63.5663,342.7511,32.5372,11.2511,177.5874
2022-12-28,127.5918,236.25,14.0628,62.6711,341.1397,32.7407,11.007,177.1824
2022-12-29,129.4879,240.1837,14.5354,64.6116,343.3022,33.0252,11.3994,177.7413
2022-12-30,128.8013,238.6986,14.447,64.0657,342.4316,33.0741,11.5466,176.4336
2023-01-03,125.725,239.8394,14.3681,64.5591,345.7353,33.5612,11.7087,177.6642
2023-01-04,126.6464,228.5518,14.6152,64.6354,347.9602,34.1972,11.9471,179.5564
2023-01-05,126.0883,223.604,14.314,63.095,343.2087,33.972,12.2004,179.0114
2023-01-06,128.1982,223.3788,14.5982,62.4135,347.0832,34.2824,12.4051,180.0545
2023-01-09,131.6292,228.5989,15.7877,68.0088,353.4816,34.0814,12.7774,176.7125
2023-01-10,129.822,228.7878,15.747,67.5686,355.9729,34.0297,12.7481,175.1112
2023-01-11,132.3081,233.9843,15.8237,68.2141,362.7675,34.2639,13.1315,174.1592
2023-01-12,133.171,237.813,16.2032,69.8918,368.1351,34.6211,13.3835,174.0464
2023-01-13,133.6773,237.4748,16.6757,70.379,372.0572,34.5426,12.6397,173.4162
2023-01-17,135.7587,239.6706,17.5131,71.688,351.2931,34.5088,12.6404,172.8517
2023-01-18,136.3316,237.875,17.524,71.3745,351.2934,33.8008,12.5837,170.1441
2023-01-19,134.9653,232.5374,16.9312,68.2042,349.5773,33.267,12.1836,170.1048
2023-01-20,136.3762,238.2032,17.4243,68.9354,342.9521,33.5967,12.2945,168.6631
2023-01-23,141.2116,242.7509,18.8202,75.2168,344.8967,34.2073,12.7429,168.6088
2023-01-24,142.0507,243.7867,19.1497,74.4626,348.0011,34.5386,12.7838,167.6489
2023-01-25,140.7526,237.4755,18.9909,73.6339,347.6186,34.6666,12.6756,168.6481
2023-01-26,143.3429,245.411,19.6421,75.0941,353.1012,35.1546,12.8632,169.062
2023-01-27,145.8365,248.3935,20.1699,75.4344,354.1227,35.5225,13.1912,168.2756
2023-01-30,143.6524,243.2164,19.5543,73.2063,358.6247,35.3849,12.9952,163.5228
2023-01-31,143.6473,246.5374,19.4049,74.5293,362.8681,35.2856,13.4121,162.4084
2023-02-01,143.8723,250.3172,20.3642,81.6626,363.7839,35.8157,13.7213,164.3207
2023-02-02,149.3764,261.6241,21.4552,87.049,370.2171,36.028,14.2846,164.7196
2023-02-03,154.2437,259.9308,21.3126,87.0915,370.8481,36.423,13.2366,164.5196
2023-02-06,152.0939,256.76,21.1985,84.4158,369.6377,36.2595,12.9922,163.4351
2023-02-07,153.4202,264.6898,21.6974,84.3135,372.9501,36.6735,13.2832,162.5686
2023-02-08,152.3636,270.3434,22.3817,85.8176,376.3418,36.5846,13.4718,163.7109
2023-02-09,152.2769,267.304,22.6665,84.9147,371.7854,35.9176,13.6551,162.119
2023-02-10,150.4054,262.4025,21.3152,81.3961,369.9253,35.4164,12.6779,162.193
2023-02-13,153.231,271.4438,21.694,82.7788,373.4751,35.6195,12.9734,162.4179
2023-02-14,152.5956,272.0367,22.5682,84.8765,372.2844,35.7326,12.997,162.2864
2023-02-15,154.4536,268.4251,22.5468,84.4961,372.3802,35.4704,12.7839,160.1939
2023-02-16,154.7143,264.1021,22.2462,81.9227,371.7304,35.4504,12.9233,158.6808
2023-02-17,152.0451,257.6854,21.3416,78.2334,368.7446,35.128,12.8097,159.5683
2023-02-21,149.3501,253.0254,20.9405,77.1946,361.913,34.5546,12.3642,158.5042
2023-02-22,148.5494,252.2065,21.0021,76.8451,360.8194,34.3115,12.2247,157.9568
2023-02-23,148.8407,253.9406,23.5205,79.6078,362.976,34.2241,12.0586,157.624
2023-02-24,146.3861,249.4099,23.2086,77.8042,362.7498,34.1096,11.8619,155.9102
2023-02-27,148.1344,250.4964,23.6499,79.1662,366.4487,34.3667,12.1534,155.8011
2023-02-28,147.7996,249.7791,23.4712,78.7711,355.2445,34.3349,12.0929,153.7143
2023-03-01,145.868,247.4368,22.8149,78.7173,347.9385,34.1752,12.3751,152.4158
2023-03-02,145.1652,248.8533,22.9351,78.6727,346.7098,33.3511,12.3977,152.1034
2023-03-03,150.0304,254.6492,23.5345,80.5815,355.5518,34.0961,13.005,153.5658
2023-03-06,154.6895,257.791,23.8433,82.0124,356.4624,34.2109,13.0368,155.3886
2023-03-07,152.2768,254.9132,23.6764,82.5233,348.4179,33.1511,12.8582,154.3242
2023-03-08,152.6973,252.804,23.8726,84.4954,347.8928,32.6369,12.8765,153.0307
2023-03-09,152.4689,255.2369,23.9343,85.8294,346.4466,31.0096,12.6994,151.699
2023-03-10,149.0716,249.6614,23.1041,83.2247,331.426,30.1697,12.1928,151.9852
2023-03-13,151.1835,253.747,22.9278,81.8209,318.7614,28.944,11.9812,154.0916
2023-03-14,152.1061,259.1414,23.9189,86.9617,322.5414,28.9713,11.9949,153.2399
2023-03-15,151.7861,263.7382,23.8117,88.0863,308.7014,28.1929,11.5429,153.9553
2023-03-16,154.813,272.5174,24.972,94.631,312.5082,28.8045,11.7508,153.7642
2023-03-17,155.3402,279.3912,25.9258,97.1991,305.4774,27.9343,11.2955,152.9685
2023-03-20,156.6059,272.0137,25.6926,94.9906,309.4748,27.9853,11.263,153.4721
2023-03-21,158.3406,272.3447,26.035,96.183,317.8372,28.697,11.683,153.3635
2023-03-22,159.6832,275.8227,26.9819,98.7026,317.5205,28.1416,11.7507,152.4348
2023-03-23,159.5685,278.2622,27.188,100.814,316.7479,27.3618,11.5372,151.0506
2023-03-24,159.2417,278.6135,26.6534,97.8848,310.2688,26.8263,11.3936,152.0881
2023-03-27,159.0188,277.6231,26.6546,96.8705,318.9235,28.2765,11.5285,153.4758
2023-03-28,156.9785,273.8328,26.1762,93.8693,318.1438,28.2701,11.5764,152.3556
2023-03-29,160.216,279.8952,26.8994,95.9156,320.5292,28.5565,11.93,153.0106
2023-03-30,162.0209,283.1788,27.3291,98.2611,321.7098,28.446,12.2651,153.2472
2023-03-31,164.0421,286.5132,27.5789,97.0887,325.4894,28.4705,12.4993,154.5464
2023-04-03,165.3487,286.2717,27.6983,95.835,326.0604,28.5953,12.6135,156.3807
2023-04-04,165.9131,287.9298,27.6189,96.2273,322.166,27.9438,12.6323,158.7307
2023-04-05,163.4912,284.4017,26.6858,92.5711,320.8379,27.6215,12.399,164.2816
2023-04-06,164.0257,288.6584,26.8678,92.1635,322.0785,27.8579,12.3653,165.4997
2023-04-10,161.2628,287.7271,27.3008,94.2761,323.8977,27.917,12.5308,164.1577
2023-04-11,161.1314,283.2909,27.3217,93.9645,327.138,28.4577,12.9203,164.5908
2023-04-12,160.8845,284.4641,26.7844,93.0348,330.1149,28.5929,12.7867,164.037
2023-04-13,164.3531,288.1325,26.6525,92.422,331.2607,28.5496,12.4427,165.399
2023-04-14,165.0394,285.9764,26.5743,91.6233,336.6359,29.4786,12.497,165.3042
2023-04-17,164.8044,288.2686,26.7463,89.4384,338.7753,30.0882,12.5847,165.5408
2023-04-18,166.3535,288.499,27.7513,90.4836,332.1168,30.3641,12.7019,161.5438
2023-04-19,167.2806,287.4678,27.7438,89.7041,334.6675,29.9811,12.2712,162.1933
2023-04-20,166.779,286.6919,27.5136,90.5483,337.8753,29.9713,11.7715,162.6592
2023-04-21,165.0754,285.0868,26.9993,88.8502,340.3651,29.8126,11.7897,163.0556
2023-04-24,164.9397,281.7132,27.0082,87.3565,343.8922,29.7473,12.0672,163.3101
2023-04-25,164.6479,280.4904,26.5589,85.0486,340.4257,29.0932,11.8068,164.9875
2023-04-26,163.9084,296.0297,27.0446,86.3013,337.465,28.6059,11.6318,162.8713
2023-04-27,167.3197,302.55,26.9787,86.1967,341.3454,28.858,11.59,162.8233
2023-04-28,168.9479,306.256,27.4712,88.2564,342.6476,29.2062,11.8411,163.3801
2023-05-01,169.6586,306.615,28.6238,89.7743,342.9485,29.2519,12.0953,163.6679
2023-05-02,168.6978,306.093,28.355,89.0608,332.9034,28.0884,11.7762,164.7127
2023-05-03,169.013,305.7745,27.9082,82.5436,331.5178,28.1665,11.907,163.7131
2023-05-04,166.0983,305.777,27.571,86.4893,321.5798,27.134,11.586,162.1599
2023-05-05,173.3116,309.5482,28.4083,88.4261,325.623,27.7082,11.9343,162.5148
2023-05-08,173.321,308.0936,28.8579,93.4066,327.0278,27.8049,11.9854,162.1907
2023-05-09,172.3162,307.7179,28.6304,94.9595,325.1847,27.5931,11.8583,161.2207
2023-05-10,173.1737,310.9026,28.8543,97.95,322.1251,27.3722,11.8806,161.4083
2023-05-11,173.4903,309.3559,28.5599,97.2958,320.5508,27.2658,11.8391,160.5415
2023-05-12,172.3696,308.1878,28.3289,95.1394,319.1572,27.0681,11.7292,160.6586
2023-05-15,172.1109,309.0666,28.6735,95.7561,321.2991,27.5557,11.6498,159.6633
2023-05-16,172.2781,312.432,29.4269,101.6727,321.3554,27.4738,11.3937,159.4945
2023-05-17,171.85,313.0997,29.8855,102.549,328.2477,28.3663,11.4975,158.8076
2023-05-18,174.3014,317.1105,31.3413,106.6793,328.4723,28.2652,11.5826,158.3172
2023-05-19,175.5191,317.8475,31.2532,105.7556,327.3803,28.2316,11.649,159.0739
2023-05-22,174.1828,320.8507,31.2091,107.2189,324.5755,28.2494,11.5566,157.308
2023-05-23,172.1908,317.7116,30.9068,109.1562,324.5146,28.7288,11.7827,157.1004
2023-05-24,171.5088,314.2333,32.1595,108.0779,320.1082,28.1396,11.3447,156.641
2023-05-25,172.8818,324.1808,38.3018,118.8751,322.9429,28.0931,11.4164,154.5362
2023-05-26,175.1454,330.8431,38.5311,125.1512,330.6069,28.1759,12.0726,154.5443
2023-05-30,177.4489,332.3713,40.6589,126.2905,331.013,28.1519,12.6254,154.2285
2023-05-31,177.9376,329.8836,38.5756,120.2932,323.9782,27.7478,12.0977,154.8698
2023-06-01,179.3796,330.6137,39.3141,119.1036,317.7334,27.742,12.0508,154.4073
2023-06-02,180.6479,334.9782,39.5584,119.0538,323.2184,28.7049,12.3839,156.4943
2023-06-05,182.1408,336.6865,39.0982,118.1953,322.1698,28.5677,12.6058,158.0114
2023-06-06,178.7093,333.7197,38.7135,122.5775,326.0557,29.1524,12.8143,158.2661
2023-06-07,178.6619,325.7113,38.3628,120.7467,333.7979,29.4023,13.3997,158.3503
2023-06-08,179.5493,325.0463,38.3536,120.4194,334.5097,29.1747,13.556,159.6029
2023-06-09,181.4395,327.3052,39.0755,125.2776,334.6256,29.2391,13.8295,160.0696
2023-06-12,182.836,329.5156,39.0519,128.2007,338.7176,29.1542,13.7905,159.5762
2023-06-13,183.1702,333.4592,40.5323,127.502,342.8107,29.4932,14.0887,160.4022
2023-06-14,183.7101,336.4501,41.9726,126.3981,340.8625,29.3259,14.2231,161.4376
2023-06-15,185.5672,345.5015,42.7834,123.8545,339.4088,29.1778,14.3909,163.3206
2023-06-16,185.4644,345.87,43.2029,121.5293,338.7396,29.2969,14.4373,164.3647
2023-06-20,185.2709,338.2942,43.2741,118.9373,330.8294,28.8235,14.1619,164.3971
2023-06-21,184.0809,334.2187,42.8658,113.7945,326.8518,28.714,14.0402,163.9471
2023-06-22,186.1166,337.7777,42.9671,111.696,320.486,28.1374,14.175,165.2566
2023-06-23,186.4952,335.5853,42.3914,109.6444,315.2829,27.755,14.0254,165.5288
2023-06-26,186.3292,330.8935,41.1369,109.4237,313.734,28.1213,14.1065,163.3031
2023-06-27,187.4998,333.4372,41.2473,109.1732,313.7051,28.2708,14.3175,163.3836
2023-06-28,188.8916,335.7149,41.1771,109.7094,313.3218,28.0559,14.6088,162.6675
2023-06-29,189.5561,334.6334,40.9724,111.2679,322.9214,28.7196,14.9348,163.7792
2023-06-30,193.102,340.6447,42.2186,113.8313,323.6512,28.8168,15.1399,165.3679
2023-07-03,192.6624,338.2957,42.5106,115.4599,326.3657,29.1168,15.2725,163.4352
2023-07-05,191.5803,338.6334,42.6645,115.2917,320.8942,29.1408,15.3307,163.1038
2023-07-06,190.8214,340.0806,41.8158,112.2867,313.7906,28.3039,14.9912,161.6791
2023-07-07,191.4218,339.134,42.7642,114.3229,314.993,28.5943,15.0746,159.7414
2023-07-10,188.3628,330.9423,42.1307,112.0687,317.6419,28.6782,14.9799,159.5837
2023-07-11,187.8219,330.6934,42.3753,110.8697,319.0126,28.8575,15.1621,158.5804
2023-07-12,189.9586,337.9785,43.5979,114.0322,328.1999,29.479,15.2788,158.2584
2023-07-13,190.565,341.6023,45.1937,114.9909,328.2133,29.6392,15.1831,158.4131
2023-07-14,190.4662,347.4862,46.6484,118.693,327.1031,29.3565,15.0453,159.7333
2023-07-17,193.2997,345.3375,45.9012,116.1037,326.5394,29.4102,14.2409,159.1843
2023-07-18,193.3846,358.335,46.9006,116.8534,335.8749,30.4948,14.0538,159.2661
2023-07-19,194.9188,356.9136,47.1594,117.6443,340.3733,31.3734,14.1282,159.016
2023-07-20,194.276,349.2517,45.938,111.9324,348.6233,31.6012,14.0095,167.1103
2023-07-21,192.5948,344.6154,44.6069,111.0209,352.1703,31.8768,13.9209,170.0203
2023-07-24,193.2011,344.8138,44.6314,110.4384,358.8964,32.5597,13.9494,172.1106
2023-07-25,193.804,348.2785,45.7727,112.7034,356.8877,32.3845,13.6823,171.9195
2023-07-26,194.3737,337.2226,45.3175,110.5883,357.4174,32.342,13.6475,172.792
2023-07-27,194.8773,334.6987,46.6612,112.5042,356.5985,32.2211,13.8337,173.5701
2023-07-28,195.8075,337.4318,46.7053,113.5291,353.2117,31.9542,13.2193,174.4316
2023-07-31,196.1507,335.1445,46.7544,113.6595,355.5995,31.9839,13.1112,167.9137
2023-08-01,195.8486,336.4363,46.4957,117.6239,355.7964,31.595,13.3442,168.204
2023-08-02,192.9395,328.8435,44.4401,111.3264,351.5025,31.1085,13.0638,170.0601
2023-08-03,191.1312,327.6559,44.6257,113.0359,352.9533,31.3296,13.0326,170.5137
2023-08-04,184.279,330.8896,45.0115,116.4124,355.4147,31.434,12.9393,170.1106
2023-08-07,179.0119,329.5521,45.1157,117.1007,355.6371,31.7348,12.8738,172.4597
2023-08-08,178.9854,325.1445,44.618,113.0494,346.8712,30.9877,12.8087,172.9117
2023-08-09,178.4887,323.2968,42.9772,110.8512,344.1511,30.9958,12.7542,173.2003
2023-08-10,178.7951,323.9963,42.6163,111.3028,341.9123,31.0138,12.3036,173.2075
2023-08-11,177.8056,321.0487,41.1828,107.6826,340.3233,31.2126,12.1024,173.0794
2023-08-14,178.9475,322.6942,42.6908,109.8252,337.0519,30.8863,12.1475,172.9025
2023-08-15,177.9886,322.9819,44.3807,111.6578,331.944,30.0894,12.0179,173.6525
2023-08-16,177.4133,321.7008,43.9366,108.0405,330.103,29.4377,11.8942,173.0718
2023-08-17,174.5857,318.3484,43.5102,105.2862,329.5112,29.2772,11.8705,173.9348
2023-08-18,173.8904,315.3222,42.7061,104.3894,325.0087,29.1232,11.9451,172.3737
2023-08-21,175.2221,320.4589,45.7943,107.1854,321.7479,29.0446,11.9575,167.9974
2023-08-22,177.0098,323.4052,46.2698,106.3932,319.3102,28.6122,11.8988,166.5639
2023-08-23,180.6482,327.3649,47.4753,108.7474,321.4732,28.3782,11.9144,164.6368
2023-08-24,177.7035,323.1078,48.3883,103.4295,321.8471,28.5816,11.7995,165.1334
2023-08-25,177.9075,322.1106,46.0943,101.7407,320.1496,28.5022,11.824,166.2905
2023-08-28,179.6595,323.4131,46.1487,102.3527,325.2101,28.771,11.9265,164.2447
2023-08-29,183.28,327.1681,48.3425,105.1443,330.7992,29.0851,12.0206,163.957
2023-08-30,186.93,328.5478,49.3092,106.3023,328.8799,29.0639,12.0731,164.2793
2023-08-31,188.1489,328.0876,49.4372,106.164,328.012,28.7046,12.1445,161.8891
2023-09-01,189.0424,328.5957,48.6793,108.6738,327.97,28.9718,12.1346,160.7254
2023-09-05,189.1084,332.6823,48.4553,109.6024,324.0858,28.6682,12.0918,161.0771
2023-09-06,183.786,332.2617,47.1461,109.519,321.3655,28.3881,11.9782,158.3156
2023-09-07,176.7332,330.6156,45.8289,106.6619,322.3206,28.2168,11.9485,160.2824
2023-09-08,179.0663,334.384,45.7668,107.4445,324.6913,28.238,12.226,160.1243
2023-09-11,178.8465,337.3191,44.9381,104.2998,326.0068,28.5068,12.2288,162.0041
2023-09-12,176.7048,333.0369,45.1759,105.4019,331.1774,28.8796,12.4431,163.1387
2023-09-13,175.0352,335.2687,45.4121,107.4203,334.7458,28.9009,12.7385,164.0328
2023-09-14,175.3715,339.0099,45.5761,107.2794,343.2512,29.2516,12.565,164.1376
2023-09-15,175.0843,332.2853,44.3172,102.6426,343.6111,28.8872,12.6315,162.1919
2023-09-18,177.8915,328.6563,43.5806,101.6231,342.9436,28.6999,12.3594,162.3439
2023-09-19,178.4293,327.2065,43.4554,101.7925,341.3242,28.6531,12.5203,162.039
2023-09-20,176.9653,324.4602,43.1308,101.9633,339.3976,28.7687,12.498,162.9478
2023-09-21,174.8619,320.9522,41.4309,96.9604,331.5214,28.1833,12.2361,162.127
2023-09-22,175.4667,318.4263,41.7155,96.9578,328.3007,27.7743,12.5383,160.758
2023-09-25,175.6665,316.584,42.0972,96.4161,328.0454,27.5341,12.5774,159.8909
2023-09-26,172.7156,312.1074,42.1458,96.2828,324.2043,27.1971,12.4758,159.2368
2023-09-27,170.5335,311.9009,42.2415,97.7647,321.8269,27.3147,12.3653,156.9811
2023-09-28,170.297,312.8031,42.9396,102.0927,324.4958,27.4824,12.4789,156.9073
2023-09-29,171.5997,316.6707,43.7037,103.5818,324.4551,27.5156,12.492,155.8194
2023-10-02,173.2879,319.5579,44.6532,102.6826,318.9404,26.8266,12.3082,154.7128
2023-10-03,172.1342,314.3557,44.014,100.8778,307.8116,26.0688,12.0922,154.8549
2023-10-04,172.9437,317.962,43.797,102.4031,306.7572,25.7906,11.9913,155.3112
2023-10-05,174.2297,317.9018,44.4551,102.1163,308.8291,25.8697,11.8543,157.0558
2023-10-06,176.3366,325.0766,45.1349,105.6808,312.3668,25.9197,11.9499,157.6103
2023-10-09,177.8683,328.0256,44.9567,106.1219,311.0412,26.1162,12.0237,158.16
2023-10-10,178.6901,329.2022,45.8083,108.6411,314.9612,27.0612,12.2194,158.4909
2023-10-11,178.9503,331.5068,46.441,108.2995,313.0677,27.0536,12.2392,156.6843
2023-10-12,180.9482,331.366,47.078,109.511,310.3914,26.8417,11.9835,156.0612
2023-10-13,179.4154,329.1471,45.997,106.1002,311.1746,26.9857,11.8597,156.7492
2023-10-16,178.1478,333.3168,45.8292,106.5934,314.1135,26.9926,11.9122,157.5
2023-10-17,176.8623,331.2465,43.8716,104.6061,310.0594,27.4418,12.0582,156.237
2023-10-18,176.3501,331.7636,42.4139,102.9893,303.3947,27.562,11.8258,152.9551
2023-10-19,176.215,333.2315,42.5616,103.5932,301.8802,27.3096,11.6246,151.894
2023-10-20,173.7459,327.9375,41.6152,102.375,300.6926,26.4549,11.6489,153.2066
2023-10-23,172.3829,329.2188,42.4645,101.0363,300.8673,25.8553,11.5497,151.9507
2023-10-24,172.7333,333.8854,43.2149,100.5747,300.5023,25.5662,11.4545,151.0669
2023-10-25,171.4932,340.9822,42.3943,97.4594,297.1023,25.4515,11.4085,151.4855
2023-10-26,167.5944,331.2156,40.7003,94.5949,297.3689,26.0714,11.4635,150.0494
2023-10-27,167.9072,331.6575,40.579,96.2299,292.0013,25.332,10.231,146.0126
2023-10-30,170.0788,336.3741,41.0835,95.886,298.4771,25.5634,9.8048,146.5925
2023-10-31,169.9252,337.2437,40.1835,96.9771,303.153,26.1412,9.8021,147.8781
2023-11-01,172.6187,344.9564,41.7702,105.1579,306.3842,26.3838,9.8523,148.8623
2023-11-02,176.6794,347.5945,43.3724,107.8229,312.6906,27.3204,10.0654,149.7754
2023-11-03,175.5751,351.9435,44.6275,111.2378,325.5583,28.5114,10.5296,151.5381
2023-11-06,178.5589,355.997,45.5043,111.5228,324.2079,28.3165,10.3631,151.6972
2023-11-07,181.2627,360.671,45.891,113.3442,324.6682,28.1348,10.1418,151.2078
2023-11-08,182.6566,362.3926,46.4494,113.7467,324.8356,27.894,10.0764,150.6808
2023-11-09,182.912,362.0007,47.4962,114.3559,322.3922,27.6451,9.839,148.039
2023-11-10,185.4104,367.5711,47.9785,117.8985,324.6849,27.5914,9.7823,146.837
2023-11-13,184.8317,367.1673,48.7254,116.8862,327.0573,27.7062,9.8096,147.3683
2023-11-14,187.2038,370.2471,49.5321,120.4074,338.9253,29.1421,10.3364,147.7422
2023-11-15,188.4191,369.819,49.0032,118.402,337.6547,29.6157,10.4709,148.6891
2023-11-16,189.7109,374.8465,48.978,119.4481,336.2594,29.4436,10.2244,149.4551
2023-11-17,189.6022,370.7359,49.369,120.4054,339.1028,29.8657,10.2558,149.7033
2023-11-20,191.2984,375.7212,49.9569,121.244,339.6809,30.011,10.3523,149.7678
2023-11-21,190.51,373.1602,49.7739,119.0956,335.556,29.7088,10.1762,150.716
2023-11-22,191.7223,377.8874,48.8055,122.8951,338.1533,29.6442,10.2727,150.8752
2023-11-24,189.7899,376.8156,48.1534,122.483,339.1575,29.7321,10.456,152.2242
2023-11-27,189.7974,378.5792,48.1839,123.007,337.5752,29.6111,10.3445,151.4274
2023-11-28,190.165,381.5382,47.8173,121.7316,337.1231,29.5099,10.3406,151.4948
2023-11-29,189.9974,379.514,48.241,124.4605,340.2843,30.3316,10.7038,151.8735
2023-11-30,189.337,378.1431,46.9674,121.1014,342.002,30.4246,10.3221,154.4346
2023-12-01,190.8613,374.0143,46.7447,120.4607,347.4118,30.8217,10.4765,157.1605
2023-12-04,188.916,367.2104,45.4364,118.083,348.9997,30.824,10.7071,159.0416
2023-12-05,193.1715,371.2053,46.1555,117.7106,342.1614,30.5647,10.6168,158.6518
2023-12-06,192.8014,369.9703,46.2359,118.9038,343.4957,30.998,10.7725,156.8746
2023-12-07,194.3967,369.8581,46.2735,125.4353,344.1995,30.7322,10.8139,155.5955
2023-12-08,195.1638,372.7762,47.3927,128.9023,350.2049,30.9571,11.0037,154.4075
2023-12-11,192.7089,369.5369,46.5326,133.084,351.4229,30.8679,11.0894,154.9007
2023-12-12,193.7834,372.7849,47.1444,136.9054,352.5192,30.7413,11.1483,154.8094
2023-12-13,196.9085,374.3346,48.1782,137.5428,360.041,31.5407,11.0644,154.7494
2023-12-14,198.2872,367.279,48.1291,138.7576,381.0497,33.6658,11.9192,156.369
2023-12-15,197.56,370.1111,48.9406,139.1327,381.0993,33.5916,12.0127,155.0731
2023-12-18,195.6255,371.7442,49.8968,138.8022,377.9879,33.5385,11.9656,155.6116
2023-12-19,196.5277,372.2648,49.3148,140.5504,381.7971,33.3661,12.0034,156.1435
2023-12-20,196.142,373.0735,49.1798,137.6107,380.6723,33.332,11.9536,154.2719
2023-12-21,194.7425,372.3574,48.7442,138.9095,379.6019,33.1403,12.1275,154.5856
2023-12-22,194.1013,374.4106,48.9789,139.6862,381.2033,33.4446,12.3483,155.6772
2023-12-26,193.1713,374.7134,49.3569,142.3867,381.6887,33.799,12.4443,155.9968
2023-12-27,192.5679,373.7921,49.3587,144.9343,384.1715,33.8165,12.3508,156.1785
2023-12-28,193.9222,375.4457,49.6423,148.8649,386.4419,33.8958,12.3339,156.6615
2023-12-29,192.5761,375.8532,49.5195,148.7663,385.5126,33.706,12.2302,156.5505
2024-01-02,185.9465,370.0458,48.0662,139.6752,387.238,33.7828,12.2176,159.8439
2024-01-03,184.3226,371.1638,47.6677,135.2871,381.1161,33.4808,11.7905,160.9321
2024-01-04,182.0183,369.8079,48.0888,136.4357,383.8197,33.9542,11.7146,160.8801
2024-01-05,181.474,368.9509,49.0192,139.0252,386.709,34.4275,11.8748,160.8677
2024-01-08,184.3702,372.9106,51.3375,144.8903,387.7206,33.9538,11.9448,160.9554
2024-01-09,184.3706,374.4701,53.1155,148.0984,383.3666,33.6288,11.8506,161.6751
2024-01-10,185.2509,381.6297,54.1639,148.2975,381.3049,33.4488,11.7794,161.7817
2024-01-11,185.0604,384.6284,54.5998,146.8616,378.4494,33.0444,11.6644,161.1773
2024-01-12,185.8199,387.404,54.6709,146.5386,378.65,32.6722,11.5066,162.1708
2024-01-16,182.8866,390.7025,56.1219,156.6853,380.5049,32.084,11.4119,160.8689
2024-01-17,181.9201,388.3601,55.6716,157.9065,377.209,31.7454,11.2221,160.5487
2024-01-18,187.9358,392.7206,57.0793,163.1494,377.217,31.6221,11.0332,160.677
2024-01-19,190.6149,396.7214,58.5409,168.3531,379.7622,32.0415,11.0725,161.3692
2024-01-22,193.9891,396.8531,59.7767,168.2782,387.805,32.6296,11.2426,162.4669
2024-01-23,194.8203,397.3286,59.4725,167.8756,380.2373,32.6519,11.3446,159.3391
2024-01-24,195.2063,403.082,61.7176,177.4049,381.1489,33.0679,11.1364,158.9878
2024-01-25,194.7337,404.8272,61.9052,181.2341,383.4192,33.2084,11.2223,159.208
2024-01-26,193.1207,404.0245,61.1517,177.7887,378.4111,33.4623,11.399,159.6896
2024-01-29,191.2954,408.1096,61.8646,176.4501,378.4051,33.4638,11.4824,159.4511
2024-01-30,188.7927,408.7068,62.8595,173.1167,385.594,34.622,11.7757,158.7472
2024-01-31,185.3525,403.0427,61.5108,167.1217,388.9707,34.4486,11.8318,159.1116
2024-02-01,185.5688,404.4632,62.4717,168.7462,383.8243,33.4342,11.9041,158.0581
2024-02-02,184.744,409.8995,65.6028,176.9151,386.428,33.4592,12.0801,156.7536
2024-02-05,187.6824,406.2356,68.6606,174.689,383.4567,33.0261,11.7482,155.9581
2024-02-06,188.4788,404.8658,67.8475,168.1424,384.525,33.025,12.0966,157.5928
2024-02-07,189.3803,411.9182,69.2666,170.4948,385.9322,33.0668,12.609,158.073
2024-02-08,188.3032,413.833,70.0962,170.165,384.7051,33.0613,12.7527,156.0091
2024-02-09,189.0056,418.7587,71.456,172.2819,384.314,33.0438,12.7187,156.5727
2024-02-12,187.5914,416.8165,72.8812,174.3909,392.7019,33.6173,12.9636,157.653
2024-02-13,185.0421,406.7192,71.967,170.3399,378.8537,32.7357,12.6156,156.5171
2024-02-14,183.6207,407.4282,73.2461,176.4646,378.1685,33.0585,12.6043,155.5189
2024-02-15,182.8487,406.0888,73.0294,177.0949,385.0388,33.9671,12.4478,157.6893
2024-02-16,182.7317,405.1959,73.4283,175.6032,385.0804,33.9867,12.3636,156.7336
2024-02-20,181.1005,401.4432,69.0538,165.0389,384.0095,33.9693,12.222,157.7961
2024-02-21,181.9941,400.2873,68.3511,163.7694,386.1864,33.5412,12.1429,158.1948
2024-02-22,183.8372,410.8021,77.2824,180.4102,391.3179,33.7144,12.1544,159.9104
2024-02-23,182.9876,411.3814,79.8956,177.5534,393.2057,33.9129,12.1649,161.6233
2024-02-26,181.3213,408.6943,79.5585,176.7206,391.6636,33.7698,12.0452,160.9361
2024-02-27,181.8192,406.5203,78.7655,176.7664,391.188,34.1815,12.0307,160.6375
2024-02-28,181.1915,407.2066,77.9578,175.6345,392.1724,34.3486,12.2762,161.1085
2024-02-29,180.6781,411.6895,79.2564,188.059,389.004,34.4669,12.415,161.5253
2024-03-01,179.0322,414.0684,81.3682,199.7643,388.0633,34.3842,12.4661,162.1157
2024-03-04,174.8938,415.1331,85.7211,207.6803,393.374,35.0801,12.8423,159.4082
2024-03-05,170.3234,403.9324,84.9828,202.4287,392.9028,35.4385,12.5905,159.8841
2024-03-06,169.5506,402.2288,88.4513,210.8288,390.054,35.4608,12.4154,159.7938
2024-03-07,169.3619,407.6397,91.6171,211.0924,389.2035,35.61,12.367,159.0053
2024-03-08,171.5322,407.1068,91.0655,214.2766,389.7034,35.7521,12.2514,159.5271
2024-03-11,172.9273,403.871,86.6503,199.8567,385.0079,35.7425,12.1484,160.5751
2024-03-12,172.8726,413.4651,89.7159,199.9399,387.4892,35.9991,12.1113,162.3658
2024-03-13,171.3457,414.9263,89.9592,195.2101,392.5554,36.1924,12.3789,161.4711
2024-03-14,173.0899,424.5338,88.0826,189.7565,388.883,35.695,12.1226,159.5471
2024-03-15,171.8002,416.9739,88.2355,191.1237,387.6633,35.5671,12.0847,158.0601
2024-03-18,175.4587,417.9454,89.3456,191.244,384.7512,35.9064,12.1239,157.0063
2024-03-19,175.4779,420.2883,87.8605,180.5153,387.9553,36.1044,12.2809,156.2388
2024-03-20,177.2239,423.7712,89.3839,178.0858,393.898,36.3742,12.7145,155.6826
2024-03-21,172.7231,429.2339,91.6441,180.7294,411.1121,37.4157,12.8969,156.035
2024-03-22,172.0464,428.396,93.5179,178.0423,408.5505,37.1302,12.9056,155.3848
2024-03-25,170.7132,423.6345,95.448,179.0314,405.8091,36.9516,12.9015,155.2961
2024-03-26,170.323,422.7992,94.4526,179.4673,407.0912,37.0401,12.6458,155.6001
2024-03-27,172.5879,420.9515,90.3244,178.0349,412.5095,37.5992,12.9079,157.2759
2024-03-28,171.3942,420.7417,90.5004,181.1994,417.2482,37.7972,13.2326,158.3568
2024-04-01,170.0696,424.3187,90.5151,183.5875,413.5749,37.6009,13.2462,157.6159
2024-04-02,168.8967,420.9424,88.9606,176.8444,410.4944,37.339,13.2769,157.2477
2024-04-03,169.8623,421.2183,89.5463,180.6832,413.8094,37.5422,13.5751,155.0381
2024-04-04,170.1029,421.9102,88.3507,173.6889,410.7211,37.308,13.5812,153.4653
2024-04-05,169.6415,424.2188,87.5842,170.3164,406.6047,37.0878,13.2507,152.3216
2024-04-08,168.6637,424.9753,87.4278,169.6283,410.5346,37.4594,13.4478,152.0254
2024-04-09,169.1566,424.8551,84.8175,169.3961,409.7689,37.5482,13.4928,152.0571
2024-04-10,167.9914,421.8454,86.3739,166.5412,401.3463,36.7864,13.0776,150.3898
2024-04-11,172.6956,426.7616,89.0981,169.3341,397.9385,36.3585,13.0344,149.0523
2024-04-12,176.3413,422.2862,88.7369,163.4995,389.2732,35.7693,12.6342,147.8182
2024-04-15,174.19,418.2116,88.1298,161.5913,403.6925,36.0911,12.3429,148.1949
2024-04-16,170.0693,415.6117,87.2636,163.3181,398.5682,34.7484,12.1177,144.7347
2024-04-17,169.018,413.5992,85.6947,157.7128,403.943,35.3429,12.0947,144.3039
2024-04-18,167.4157,407.1329,84.7629,155.0038,405.0494,35.7641,12.057,145.0422
2024-04-19,165.1519,400.651,79.6451,149.167,404.8433,36.8462,12.1139,147.1995
2024-04-22,165.9694,400.1964,78.608,147.8806,413.2254,37.5583,12.7217,149.1034
2024-04-23,166.5052,406.8228,81.9227,152.4196,422.063,38.2588,12.9345,149.5868
2024-04-24,168.4251,408.774,81.3307,152.927,422.2974,38.3239,12.95,148.2143
2024-04-25,169.4307,397.6336,81.7192,152.6458,418.6342,37.7891,12.8476,146.9716
2024-04-26,170.0062,408.9535,86.631,157.0999,426.5064,37.9742,12.8604,146.3579
2024-04-29,174.3826,401.5909,87.0497,159.3549,431.4007,37.706,12.695,146.521
2024-04-30,172.1915,393.9558,87.2198,159.0243,427.8372,37.2363,12.2589,145.1663
2024-05-01,170.7483,395.276,83.5491,145.9253,428.2045,37.0926,12.2609,150.4887
2024-05-02,174.57,397.2914,84.981,144.6633,431.4151,36.8954,12.4396,149.8905
2024-05-03,184.3811,405.7815,88.3381,149.4161,439.0819,37.2551,12.4787,148.9168
2024-05-06,181.8762,410.9057,91.3535,155.0104,442.6656,37.6224,12.517,148.6086
2024-05-07,182.7881,410.8883,90.5687,155.4449,444.4514,37.9351,12.2173,148.8658
2024-05-08,182.4746,410.4028,90.3136,153.7292,445.7633,37.6715,12.1686,149.0382
2024-05-09,183.9877,411.6235,89.1001,152.3358,453.0535,38.1063,12.1303,149.6891
2024-05-10,183.0992,414.2286,90.0526,152.9616,455.6843,38.5258,12.0029,149.658
2024-05-13,186.2008,413.8887,90.1256,152.0085,454.7553,38.3862,12.3447,150.7535
2024-05-14,187.1838,414.8008,90.6989,151.9803,458.986,38.5784,12.4761,151.2947
2024-05-15,189.651,421.7109,93.8947,157.774,464.3125,38.934,12.2786,152.312
2024-05-16,190.1107,422.2607,94.9408,164.5291,465.4282,39.1496,12.4,153.8336
2024-05-17,189.925,420.0782,93.1589,165.5913,467.2366,39.2711,12.2944,154.4331
2024-05-20,191.0833,424.8108,94.6677,166.5051,465.5269,39.1322,12.2147,151.8008
2024-05-21,192.2516,429.2647,94.567,164.5178,469.6095,39.3902,12.1188,151.2328
2024-05-22,191.4481,429.9959,95.6247,166.6298,463.6678,39.6665,12.0226,153.1463
2024-05-23,188.2595,429.3145,103.842,163.5827,460.1407,39.3341,12.1108,150.5081
2024-05-24,189.7127,428.7752,104.8831,165.3201,461.9602,39.6105,12.1306,147.6465
2024-05-28,190.8353,429.0619,112.6235,170.9818,460.8872,39.3974,11.8065,144.7725
2024-05-29,191.1313,429.2972,113.8991,165.497,456.6063,38.7098,11.5725,144.4958
2024-05-30,191.4073,418.1865,113.0931,166.4582,450.6381,38.4655,11.6976,145.0108
2024-05-31,191.5904,411.584,109.5792,164.8284,453.6074,39.5612,12.0237,146.7064
2024-06-03,193.7882,412.7673,113.6593,164.6124,453.9198,39.7741,12.1664,147.8512
2024-06-04,194.3005,413.9097,115.2945,161.013,454.7087,39.6828,12.0257,147.3725
2024-06-05,195.8699,421.6942,120.3958,165.1301,460.9733,39.8295,11.9723,146.3985
2024-06-06,195.3477,423.5659,121.1291,166.9989,459.2084,39.6868,12.0418,146.3675
2024-06-07,195.8927,424.4873,120.0287,167.6656,456.4995,39.749,12.0706,147.3662
2024-06-10,194.4454,426.8811,121.1001,161.8781,453.2157,39.6348,12.4053,146.752
2024-06-11,203.1517,429.9952,120.8374,158.7381,445.6748,38.7959,12.1552,146.4714
2024-06-12,215.2738,439.3515,125.1701,160.454,450.9734,39.5663,12.1416,145.6429
2024-06-13,214.013,441.5122,128.8023,159.4967,445.8856,39.1941,11.9298,145.1524
2024-06-14,212.7632,441.7052,131.198,159.3338,445.1739,39.194,11.6694,145.3028
2024-06-17,216.4079,446.7105,131.7165,156.7403,448.3035,39.3333,11.8131,145.7569
2024-06-18,214.7421,446.7322,134.2796,154.9307,455.8875,39.8987,11.8156,145.6532
2024-06-20,210.647,444.5128,135.0652,162.44,457.9796,40.0466,11.8325,147.1375
2024-06-21,208.6028,448.6881,127.0328,161.0199,453.3636,39.5603,11.8261,148.5819
2024-06-24,209.3985,448.794,120.4332,160.8918,459.2373,40.0765,12.183,149.1183
2024-06-25,209.7069,449.917,123.5418,158.7146,458.511,39.5474,12.0951,147.5913
2024-06-26,213.1428,451.7744,125.0539,157.7332,455.8995,38.9149,12.029,146.7276
2024-06-27,213.9094,453.5921,124.3026,158.9398,446.0923,38.9658,12.2471,145.8982
2024-06-28,212.5954,449.7762,124.8037,162.9784,452.6372,39.7402,12.511,146.2291
2024-07-01,215.4872,453.1755,122.7093,156.3607,460.6507,39.9882,12.6964,146.5943
2024-07-02,219.183,457.5499,122.2853,160.8932,463.4137,40.5864,12.8424,146.165
2024-07-03,220.6457,459.7473,125.2149,163.7975,467.8892,40.9418,12.8701,145.3548
2024-07-05,224.943,466.1172,127.0368,170.881,463.497,40.4527,12.8393,145.7879
2024-07-08,226.3221,465.8826,128.5903,176.0696,468.2859,40.6499,13.0135,145.8494
2024-07-09,228.2117,461.2776,131.3782,176.9831,472.4954,41.3659,12.9656,146.5974
2024-07-10,231.6381,463.8166,134.216,183.1175,476.4718,41.5887,13.0978,148.6257
2024-07-11,228.4762,455.83,130.1432,181.6421,479.5486,41.7502,13.4423,149.6957
2024-07-12,230.9692,453.8402,129.8788,184.1022,480.722,41.6187,13.9894,150.1011
2024-07-15,234.9202,453.9147,128.8529,181.6633,487.3984,41.9411,14.3095,149.3362
2024-07-16,234.2992,449.2541,126.2869,176.6852,502.7537,43.8112,14.3422,150.5575
2024-07-17,228.8396,442.4424,119.0242,163.3479,503.6414,44.072,14.4638,155.9153
2024-07-18,225.181,438.7949,119.8247,156.6719,490.8767,43.4322,14.6677,156.0087
2024-07-19,224.7356,436.7068,119.0271,152.683,486.16,43.1209,14.1241,154.9408
2024-07-22,225.0185,442.5638,122.4065,154.9703,487.1178,42.4082,14.0206,154.3036
2024-07-23,225.0222,445.2183,123.2169,155.1289,492.7355,42.5593,13.809,152.4802
2024-07-24,219.0874,431.1145,116.3606,147.878,490.409,42.4195,13.4375,155.4313
2024-07-25,218.12,422.2519,112.73,140.787,491.4733,42.0102,11.3763,159.4495
2024-07-26,217.8992,424.1261,113.5436,139.9612,499.6514,41.7062,11.2039,160.8824
2024-07-29,218.1319,427.4027,113.1639,141.1378,494.9729,41.2037,10.9776,159.0737
2024-07-30,218.4059,416.0438,105.7709,139.0116,506.1754,41.2654,10.8739,160.6445
2024-07-31,222.3441,417.4143,115.3877,146.2911,510.8112,40.6662,10.8634,158.6215
2024-08-01,219.4773,419.222,112.1049,136.2215,500.9735,39.4715,10.7344,159.8268
2024-08-02,221.9519,407.4518,105.4331,134.0825,475.3577,37.6753,10.1499,163.1434
2024-08-05,207.801,394.8028,98.9793,133.6272,454.0438,36.3667,9.7149,162.1974
2024-08-06,206.739,401.6113,104.9159,131.9666,469.4154,37.0557,9.7832,159.6844
2024-08-07,210.7375,402.7799,102.962,132.5516,478.9023,37.8086,9.8523,159.3058
2024-08-08,212.5961,402.8729,102.8183,134.0971,484.0722,38.1482,10.1115,160.0862
2024-08-09,215.1632,405.3767,104.8985,134.0612,488.8926,38.232,10.0896,160.421
2024-08-12,217.5472,406.4543,109.1413,136.3328,486.0531,38.2316,9.8947,159.9393
2024-08-13,220.8583,413.2292,114.5275,140.0283,490.3831,38.3416,10.0293,158.1527
2024-08-14,221.5032,416.0505,116.8746,139.9538,495.7321,38.736,10.166,158.5995
2024-08-15,224.545,419.9539,121.4249,145.9964,500.4948,39.275,10.4461,158.8801
2024-08-16,225.4078,419.063,123.6701,148.1986,502.4967,39.2692,10.4525,159.245
2024-08-19,224.8178,419.7971,127.0583,152.5462,504.3566,39.6414,10.6799,159.6701
2024-08-20,226.5304,423.8305,127.8244,157.6995,499.952,38.7508,10.7073,160.0362
2024-08-21,226.4472,423.8463,128.1179,157.0961,496.2772,38.6286,10.8467,161.0565
2024-08-22,225.6144,417.874,126.3831,154.3203,497.3664,39.0443,10.9405,161.7962
2024-08-23,226.5769,416.0467,128.1346,154.1561,507.5656,39.7494,11.1758,163.2792
2024-08-26,225.9536,413.8098,127.2754,151.5771,508.2486,39.8782,11.166,164.6959
2024-08-27,227.7868,413.0151,127.5995,150.1547,508.3364,39.7733,11.1156,162.9105
2024-08-28,227.4445,410.4051,124.6436,146.8307,503.3978,39.9128,11.051,164.0969
2024-08-29,231.0131,416.5147,120.4262,147.1499,509.4341,40.0865,11.112,164.2231
2024-08-30,228.9102,415.9288,119.1297,147.3476,508.8968,40.539,11.1584,165.1589
2024-09-03,223.8154,411.7979,110.3423,139.71,490.6213,40.6478,11.0076,166.9231
2024-09-04,219.9426,408.5207,107.3053,141.0626,490.9622,40.5808,10.9987,167.3894
2024-09-05,223.133,408.7551,107.4088,139.7133,488.282,40.3089,10.8197,165.6074
2024-09-06,221.6809,402.9337,103.3773,134.4211,482.3192,38.9867,10.6355,164.6997
2024-09-09,219.3513,404.9951,105.4091,137.0681,489.5222,39.4785,10.6706,166.574
2024-09-10,219.5763,413.0549,107.0359,140.4537,468.0342,39.0554,10.2983,167.453
2024-09-11,221.1679,418.673,112.5299,145.5923,465.9721,38.6133,10.2924,164.9542
2024-09-12,222.3887,424.3262,118.9003,149.9847,472.1008,38.8589,10.5499,164.1645
2024-09-13,222.925,429.747,119.0003,152.0684,479.4316,38.6473,10.6974,165.2595
2024-09-16,215.9298,430.8393,116.5416,152.284,484.4499,39.0652,10.8089,166.6814
2024-09-17,216.1735,436.5209,116.5584,151.6771,485.9566,39.5661,10.9593,166.9997
2024-09-18,220.4441,432.2636,115.0409,149.9821,485.9127,39.6987,11.0422,166.7461
2024-09-19,228.385,438.9774,118.5321,156.6605,502.3698,40.7575,11.0262,165.0334
2024-09-20,229.0164,435.7662,116.4268,154.9406,498.6038,40.387,10.8152,164.2067
2024-09-23,227.0625,433.7663,115.9959,156.2053,497.5012,39.9605,10.8311,163.1738
2024-09-24,227.2442,429.128,119.6015,157.6188,497.4897,39.5127,10.87,162.6448
2024-09-25,225.8328,431.4524,123.5728,161.3576,493.6982,39.2086,10.4216,160.9599
2024-09-26,227.2682,431.168,124.5617,166.7465,496.3212,39.4471,10.6611,161.0591
2024-09-27,228.1557,429.0823,121.1469,165.6388,499.7973,39.5379,10.8509,161.8761
2024-09-30,231.9696,428.6279,120.3221,163.6571,494.0869,39.5844,10.5351,161.6586
2024-10-01,225.9623,421.7282,117.8793,160.4862,489.5694,39.2802,10.7182,161.9311
2024-10-02,226.0301,418.0907,118.2229,160.8248,492.16,39.2303,10.5008,161.3494
2024-10-03,224.9801,416.6239,122.6224,163.5973,486.476,39.1273,10.4086,160.6898
2024-10-04,225.8453,416.8556,123.9866,168.5024,492.5536,40.0301,10.5358,159.836
2024-10-07,223.3102,412.2925,128.1445,170.4041,494.5125,40.0773,10.5075,159.8515
2024-10-08,225.0202,413.4183,131.9108,172.0265,495.9571,40.0011,10.4835,159.5382
2024-10-09,228.2639,417.5677,132.7617,170.9845,503.4454,40.1442,10.5996,160.503
2024-10-10,228.5405,415.5539,133.9045,166.0106,502.6567,39.9196,10.6517,160.5249
2024-10-11,228.0383,415.4889,134.8551,166.5739,514.6218,41.8049,10.739,161.6504
2024-10-14,230.6959,420.1556,138.3656,166.626,520.787,41.9693,10.8649,161.6201
2024-10-15,234.85,418.287,132.4398,158.1902,524.3269,42.5573,10.9199,163.9467
2024-10-16,231.0936,414.8356,134.4675,156.5505,531.4108,42.8011,11.0437,164.3298
2024-10-17,232.0685,417.4215,138.9764,157.8516,531.1284,42.7724,11.0683,164.3806
2024-10-18,235.2273,417.6994,138.1025,156.4069,528.9784,42.3841,11.1057,164.8623
2024-10-21,235.9263,416.9895,141.4679,156.362,520.0157,41.9494,10.9615,163.2086
2024-10-22,234.8426,426.7173,143.3132,153.7368,517.8013,42.1246,11.0609,163.3072
2024-10-23,231.1335,426.7047,139.7055,152.2536,517.136,42.2962,11.1177,164.8561
2024-10-24,230.0667,424.5947,139.9981,153.6868,522.4886,42.4001,11.1729,163.9097
2024-10-25,231.6772,429.4111,142.5583,157.1409,516.1076,42.0999,11.1218,161.4855
2024-10-28,233.5717,428.1811,141.1758,159.0871,521.1723,42.4898,11.229,161.6102
2024-10-29,233.5864,430.9145,140.9896,162.6692,524.8082,42.5877,10.3949,160.888
2024-10-30,230.9294,434.2073,139.3017,150.254,526.3376,42.4373,10.4444,160.5649
2024-10-31,226.6984,409.0217,133.7246,144.7919,518.8256,42.001,10.3084,160.1553
2024-11-01,222.8069,411.5489,136.0279,142.4737,521.4168,41.9859,10.2913,160.4261
2024-11-04,221.7547,408.2812,137.4047,141.5744,512.9437,41.4269,10.4166,158.621
2024-11-05,223.094,412.1302,139.313,141.7587,522.7245,41.8163,10.5479,157.9439
2024-11-06,223.8587,417.7432,144.5965,143.9917,589.2525,45.1265,11.0743,158.1403
2024-11-07,226.7564,424.3763,147.9973,148.7475,585.4018,44.869,10.9903,156.9895
2024-11-08,227.2234,423.4037,147.7028,148.7881,589.9703,45.2168,10.9313,155.9074
2024-11-11,223.4111,419.2527,145.5668,146.5284,601.9365,46.184,11.2232,155.6053
2024-11-12,224.3829,421.642,147.9791,144.0121,594.3852,46.0753,11.0827,153.0694
2024-11-13,224.8974,424.5635,147.1498,141.0879,597.6953,46.0449,11.0995,152.9019
2024-11-14,227.3879,426.0723,147.3295,139.6075,591.3965,45.9666,11.1141,152.0509
2024-11-15,225.0903,416.3795,142.3351,135.3312,592.1027,46.4656,11.0554,153.4077
2024-11-18,228.0885,415.8348,139.6616,139.3716,588.6499,46.7692,11.2069,154.4952
2024-11-19,228.6862,415.5357,144.5783,138.6447,581.8784,46.4001,11.105,152.7622
2024-11-20,228.0359,414.5215,144.7035,137.1259,581.347,46.1116,10.7405,152.8026
2024-11-21,228.4642,413.7322,145.9564,137.2353,595.5152,46.6689,10.7679,155.0342
2024-11-22,229.6738,414.8945,142.8986,138.1303,601.8989,46.9359,11.1853,155.261
2024-11-25,232.2878,417.864,137.3757,140.8663,603.5635,47.5044,11.4137,155.8964
2024-11-26,234.7366,425.8382,137.0189,138.1257,602.4291,47.6352,11.1355,154.1668
2024-11-27,234.7888,423.9513,133.7373,135.0301,606.4623,47.7963,11.1177,155.6582
2024-11-29,236.5349,422.3526,138.1501,137.5177,609.9874,47.7263,11.179,155.2163
2024-12-02,239.4822,430.0384,138.8918,141.25,603.9508,47.1582,11.0419,154.6851
2024-12-03,241.5718,430.6945,139.4004,142.0625,603.5374,46.8969,10.8753,153.0183
2024-12-04,242.9068,437.1989,143.6691,142.7998,599.5178,46.3561,10.6808,150.4752
2024-12-05,243.0041,441.687,145.2429,141.9272,599.9607,47.0151,10.49,149.5644
2024-12-06,243.2142,443.6498,143.1441,139.9791,597.7985,46.6654,10.5004,149.1419
2024-12-09,245.9999,445.4444,138.8311,132.3124,597.4154,46.1413,10.6667,149.7724
2024-12-10,247.2604,444.7986,137.0564,128.7893,588.248,45.8876,10.6285,149.3118
2024-12-11,248.2768,448.4551,138.1672,128.9159,591.3834,45.8895,10.3826,146.908
2024-12-12,247.7304,451.7438,137.299,130.4936,591.847,46.2156,10.4087,146.5063
2024-12-13,247.7396,447.5586,135.002,126.9143,586.9343,45.6497,10.3747,146.2668
2024-12-16,250.4112,449.6368,131.7878,126.0166,584.4768,45.4527,10.0126,144.9596
2024-12-17,252.9545,453.6389,129.2877,124.898,575.6481,44.9548,9.9721,145.625
2024-12-18,250.6309,444.1453,133.0844,124.6365,559.9759,44.3187,9.8514,145.5041
2024-12-19,249.8476,439.1354,131.5037,120.0854,558.4443,43.6805,9.7581,144.0937
2024-12-20,253.1175,436.2044,133.1633,119.7097,565.0091,44.0576,9.8735,144.3172
2024-12-23,254.7388,435.0215,137.9987,124.4601,568.6111,43.5942,9.8432,144.5654
2024-12-24,257.4366,437.9547,140.6947,125.9082,578.9473,44.259,10.0029,145.2975
2024-12-26,258.928,438.6447,139.5869,125.8064,580.6979,44.4036,10.0834,145.6584
2024-12-27,255.2263,429.6813,136.4328,124.5366,575.3456,44.3418,10.0556,145.2951
2024-12-30,252.2717,425.2527,137.9504,123.0381,571.9442,43.93,9.8984,143.4213
2024-12-31,250.7349,422.5447,135.5061,121.3938,572.9046,43.9387,9.9069,144.1309
2025-01-02,244.3303,419.6368,137.1922,121.1728,575.926,44.2378,9.7534,144.3581
2025-01-03,243.0805,422.5164,143.4879,123.9453,577.7059,44.5869,9.7931,144.1874
2025-01-06,245.1726,428.8399,150.2312,129.4789,585.7447,45.5447,10.0262,143.7358
2025-01-07,242.9459,424.3997,143.8266,128.6585,578.8533,46.1478,9.8373,146.1885
2025-01-08,242.2995,424.4542,140.654,121.9738,577.6761,46.0893,9.6698,142.4271
2025-01-10,236.6061,419.2507,135.9073,115.9033,562.5433,45.1549,9.7053,142.4185
2025-01-13,232.7529,415.8274,131.9682,116.1045,561.7666,45.0028,9.641,143.8728
2025-01-14,233.8731,415.473,132.285,115.9824,570.3602,45.6647,9.7517,144.0355
2025-01-15,237.58,425.5384,134.8012,119.2675,602.5397,47.1729,9.9711,145.0091
2025-01-16,230.4965,426.1062,135.6817,119.0968,611.6941,46.6272,9.9963,147.1376
2025-01-17,230.4569,430.6367,137.413,121.3521,622.8555,46.5649,10.1491,147.2468
2025-01-21,221.6956,428.5769,140.1355,122.5643,624.06,46.7568,10.3743,148.082
2025-01-22,222.8221,442.944,146.5478,123.9431,632.7975,45.9999,10.0671,144.0296
2025-01-23,224.1093,444.9181,145.849,122.8016,640.1759,46.5472,10.1026,146.6925
2025-01-24,223.1447,444.0559,144.4259,123.3828,636.4863,46.603,10.1419,146.8309
2025-01-27,228.8379,430.045,121.4184,115.5826,631.079,46.861,10.321,151.8071
2025-01-28,237.4845,443.6589,123.7213,114.2035,636.6566,46.9618,10.0225,150.996
2025-01-29,237.4856,439.3597,123.3634,117.0723,640.9858,46.8922,10.1979,151.2928
2025-01-30,238.9601,416.3876,121.5534,118.6694,646.2342,46.7889,10.2209,153.0765
2025-01-31,238.5565,416.8028,123.4788,117.3968,642.1707,46.3955,10.1606,152.3456
2025-02-03,228.3039,411.9189,116.1012,114.1297,631.9306,45.9784,9.884,151.8174
2025-02-04,231.2105,412.0535,119.0192,116.4252,634.386,46.7728,10.0937,153.3267
2025-02-05,230.8247,412.5466,123.0801,109.1885,642.7788,46.9408,10.0561,154.3603
2025-02-06,232.404,416.0424,127.3498,110.1779,655.9851,47.6993,9.3616,153.8426
2025-02-07,229.1297,411.3369,129.0684,107.9084,657.3702,47.5964,9.2478,153.5484
2025-02-10,228.4505,412.7279,133.6324,110.2547,650.3199,46.7789,9.2311,153.7175
2025-02-11,232.4502,411.1454,133.1243,111.4146,646.6434,46.7265,9.2191,155.4713
2025-02-12,235.0413,408.8347,131.1577,110.6601,646.4642,46.1925,9.2044,155.0559
2025-02-13,240.3233,409.5178,134.677,112.4071,646.7526,46.2459,9.3518,157.0789
2025-02-14,244.0539,407.6562,137.5593,113.1674,659.9824,46.8764,9.4501,156.4941
2025-02-18,244.1423,408.9786,140.4075,114.1377,668.3007,46.4128,9.2911,154.8497
2025-02-19,244.6863,412.2135,139.6632,114.7797,667.3149,45.8252,9.3223,157.4457
2025-02-20,245.6383,416.3504,139.1582,114.2168,642.1997,45.5222,9.3374,159.3641
2025-02-21,246.3756,411.4857,137.2559,112.2542,631.278,44.9794,9.3177,161.7985
2025-02-24,247.2414,403.4592,133.3493,109.136,627.8918,44.7527,9.3356,163.7567
2025-02-25,247.4765,398.9023,127.5477,105.4423,614.9247,43.9553,9.4013,165.6755
2025-02-26,241.6568,399.6276,131.1421,104.8109,619.1944,44.0587,9.5448,163.2603
2025-02-27,239.4953,396.2031,125.9368,101.7578,615.7279,44.2473,9.41,163.1079
2025-02-28,239.5113,393.978,121.4271,99.9487,616.6388,45.5832,9.5271,164.447
2025-03-03,239.9029,391.4831,116.8892,99.5773,612.116,46.0411,9.5996,166.6776
2025-03-04,237.5186,386.7008,114.5249,99.2778,579.3693,42.9021,9.1638,167.1555
2025-03-05,234.0871,397.0442,116.6088,100.6371,588.1862,42.1852,9.5023,164.8848
2025-03-06,235.2933,397.2225,112.2833,99.31,572.9906,41.365,9.5578,165.0874
2025-03-07,238.9038,391.4953,111.0191,98.9254,557.0259,41.2265,9.8368,167.0815
2025-03-10,227.6311,381.0032,107.644,97.9136,533.4748,39.9434,9.9735,168.3722
2025-03-11,221.1802,381.3124,108.9351,96.8548,531.7845,39.8021,9.6714,165.9119
2025-03-12,217.6087,382.6306,115.1316,100.2289,537.4896,39.853,9.5637,163.029
2025-03-13,212.0158,379.9685,116.0206,98.5644,527.035,39.6928,9.6979,163.1663
2025-03-14,212.4529,386.5971,120.5099,100.5117,537.7661,40.7623,9.7199,162.5052
2025-03-17,213.2536,388.9763,120.1355,104.9861,550.674,41.335,9.9061,162.9107
2025-03-18,213.0584,383.4213,116.4674,103.6634,550.5239,41.5785,9.9531,164.1106
2025-03-19,215.5599,386.9789,117.8517,105.3,555.3049,42.0564,10.1286,163.0067
2025-03-20,214.3888,387.128,118.6396,107.0698,563.065,42.444,10.0497,162.818
2025-03-21,215.9206,387.9617,117.0709,105.9975,561.1114,42.4031,9.995,163.4362
2025-03-24,220.0734,392.7781,121.2133,112.9721,579.2814,42.9848,10.1944,163.4302
2025-03-25,223.1154,394.8219,120.3559,113.7354,584.6092,43.2691,10.2447,161.7295
2025-03-26,222.5222,391.4984,114.7507,111.0414,577.872,43.0615,10.2453,161.7263
2025-03-27,223.3729,390.406,112.2753,106.5082,560.0512,42.7426,10.0042,163.2347
2025-03-28,219.3577,380.4626,110.1685,103.6881,544.5193,41.3684,9.7003,163.8531
2025-03-31,220.6567,372.9851,106.1724,101.4999,541.899,41.4257,9.9466,165.7959
2025-04-01,222.3361,380.0488,108.67,102.0126,544.8529,41.3821,9.9275,155.5594
2025-04-02,222.4314,381.7201,109.5028,102.7047,560.5755,41.6404,10.1302,154.9478
2025-04-03,204.1959,373.8726,103.3634,95.8585,516.7263,37.7594,9.74,159.5899
2025-04-04,192.5546,364.7524,95.3341,86.8685,473.7314,34.4926,9.5058,155.2401
2025-04-07,180.5634,356.0197,94.8997,82.7718,461.0298,35.1077,9.2184,149.7646
2025-04-08,179.0733,361.4573,100.8254,82.6789,472.8313,35.7786,8.9823,150.8857
2025-04-09,187.9539,379.0287,106.7507,89.4159,490.5287,35.6605,9.0026,148.9073
2025-04-10,189.982,378.8984,107.6506,88.6036,488.5669,35.6104,9.0942,148.0741
2025-04-11,195.623,386.4611,109.8123,92.6943,490.0678,35.6616,9.2055,150.8885
2025-04-14,205.5914,388.9915,111.5964,95.1989,504.4898,36.7107,9.5527,153.7123
2025-04-15,202.1396,386.9027,111.6971,95.1128,511.8875,38.1409,9.4696,153.6206
2025-04-16,195.8892,373.9272,103.8278,88.3297,500.5421,37.5218,9.4796,153.9245
2025-04-17,196.8888,370.1449,101.6537,87.5482,509.255,37.5595,9.6101,157.5848
2025-04-21,192.0767,359.2345,96.4951,84.8824,500.629,36.7966,9.4275,156.8808
2025-04-22,199.2937,365.2278,98.7544,86.1087,516.9455,38.0568,9.6273,157.6148
2025-04-23,205.3603,376.1582,103.48,91.6704,537.4213,39.2423,9.8354,155.4752
2025-04-24,207.0889,385.1448,105.4923,93.3236,540.824,39.3088,10.0228,154.5433
2025-04-25,208.3682,390.0006,109.5283,95.3994,545.2716,39.6087,10.0421,153.9707
2025-04-28,209.6745,390.2477,108.0332,95.9234,547.3482,39.782,10.05,155.135
2025-04-29,210.9585,393.5949,108.9227,96.3104,547.8524,39.9119,10.0882,156.0822
2025-04-30,211.3283,397.3093,107.2626,95.5191,543.0262,39.5512,9.9556,156.0672
2025-05-01,211.8686,430.3142,113.1112,98.2353,554.5711,40.1608,10.2178,154.5165
2025-05-02,204.9131,435.5067,114.3678,98.9406,565.9158,41.0239,10.3061,155.8663
2025-05-05,199.7435,436.5349,113.8042,100.86,562.3007,41.1971,10.1491,155.1291
2025-05-06,198.8453,434.4002,112.9631,99.6944,552.2997,40.9335,10.4444,154.679
2025-05-07,195.9883,433.8398,114.703,99.4081,552.4984,41.0592,10.2665,156.8959
2025-05-08,197.7519,439.1835,117.6204,103.2376,566.5327,41.7048,10.3363,155.9579
2025-05-09,198.6614,438.262,116.7184,102.5837,567.8502,41.81,10.4235,154.7195
2025-05-12,209.7114,445.9953,122.1084,108.4997,594.0662,43.3803,10.5517,154.098
2025-05-13,211.8003,448.6023,129.169,111.6386,603.0799,44.1631,10.5607,149.1755
2025-05-14,212.2847,452.1864,134.158,118.6184,609.93,44.6517,10.6455,146.719
2025-05-15,211.308,453.4481,134.5073,115.5405,615.6683,44.3315,10.7149,149.1106
2025-05-16,211.25,452.1762,135.2387,117.1582,618.3362,44.4099,10.7665,151.0088
2025-05-19,207.6892,457.5456,134.7237,114.6761,609.9151,44.7562,10.7321,152.2102
2025-05-20,207.0811,456.8226,133.8287,113.3284,606.9345,44.6985,10.7443,153.5223
2025-05-21,203.4576,454.3728,133.9106,113.7153,599.0915,43.5843,10.5562,153.483
2025-05-22,201.4092,456.1561,133.117,111.6912,598.2197,43.3082,10.4302,152.4944
2025-05-23,195.8833,451.0242,131.0823,109.6543,596.8014,43.1154,10.3575,152.8378
2025-05-27,199.4808,458.9856,135.0118,114.5142,613.9128,43.949,10.3094,153.1185
2025-05-28,200.9086,458.5505,136.8472,113.7927,611.1683,44.1168,10.2144,152.5462
2025-05-29,200.5388,458.6283,140.642,113.6712,604.2066,44.1351,10.1962,153.3128
2025-05-30,199.9641,459.8626,135.4877,110.5599,600.0862,44.1142,10.3626,154.9392
2025-06-02,201.2063,461.0693,137.0283,113.543,596.9253,43.9011,9.9636,154.5547
2025-06-03,202.8132,462.6486,140.8842,116.4381,602.0772,44.5016,10.1316,154.5373
2025-06-04,203.6276,464.2509,141.3127,118.077,600.6281,44.5487,10.2448,153.6633
2025-06-05,201.838,467.4725,141.3967,116.8187,604.171,44.3912,10.1407,153.559
2025-06-06,204.0682,470.8644,142.1551,116.8215,614.7725,44.9252,10.2518,154.9723
2025-06-09,202.5405,471.8651,143.2169,120.86,614.6567,45.0697,10.3682,155.2918
2025-06-10,202.5339,469.9769,143.0962,122.8029,613.839,45.0669,10.5597,156.3301
2025-06-11,200.4652,473.0906,143.4853,121.8755,624.2735,44.891,10.6838,155.5108
2025-06-12,198.7007,478.0711,144.2469,119.8189,623.6646,44.5086,10.5073,156.224
2025-06-13,197.0361,475.6248,142.3023,116.3176,613.9516,44.1057,10.4563,157.1139
2025-06-16,197.8895,479.043,144.8995,125.7663,628.1243,44.528,10.6133,155.2669
2025-06-17,196.4948,477.1437,144.4918,128.2668,626.6112,44.3263,10.4865,152.9525
2025-06-18,196.4448,479.3813,144.9758,127.434,635.3521,44.9551,10.4526,151.0613
2025-06-20,199.8096,479.1043,144.2952,129.5649,640.1667,45.4946,10.5412,149.8231
2025-06-23,201.1824,482.5493,143.7706,130.249,642.1554,45.8938,10.6763,150.9184
2025-06-24,201.4391,490.0008,147.1933,136.713,661.353,46.7963,10.7971,152.1125
2025-06-25,201.7923,492.1014,152.4376,142.212,667.0775,46.7909,10.5156,152.3465
2025-06-26,200.6328,496.3673,155.5436,143.647,684.4662,47.4278,10.5939,152.2852
2025-06-27,201.4224,496.4069,157.1898,144.4842,690.4743,47.2037,10.8013,152.4859
2025-06-30,203.3565,497.6606,157.6616,142.3847,707.2893,47.3195,10.7705,152.351
2025-07-01,208.176,493.4606,153.9516,137.207,706.541,48.0001,11.1936,155.8998
2025-07-02,211.7489,491.1291,156.296,137.8989,714.4199,48.5473,11.6042,155.6491
2025-07-03,213.5582,498.1538,159.371,138.2883,721.8266,48.9952,11.8435,155.8573
2025-07-07,211.1605,497.3848,158.2928,135.0588,713.2858,48.7502,11.6093,155.4603
2025-07-08,209.9116,496.2544,159.4709,137.7492,699.7661,47.3147,11.7171,155.731
2025-07-09,209.5626,502.6947,163.0483,138.8958,697.7996,46.9234,11.8288,155.9503
2025-07-10,212.2489,501.0552,163.3578,143.8763,706.3461,46.9999,11.8955,157.7878
2025-07-11,211.0285,502.7795,165.9535,145.3131,703.9237,46.6005,11.7823,156.5352
2025-07-14,208.7627,502.6866,164.2747,145.4305,711.1025,46.8951,11.7827,156.494
2025-07-15,210.0604,506.0276,170.9333,155.8008,704.7916,46.3597,11.6547,155.4923
2025-07-16,210.3633,504.8964,170.5912,156.6148,702.7281,45.8004,11.2595,163.9757
2025-07-17,210.5606,511.3536,173.0364,159.9149,709.579,46.6892,11.1686,163.1858
2025-07-18,210.8567,510.8868,172.5624,158.1068,707.0149,47.2434,11.1357,164.0226
2025-07-21,213.3495,510.12,172.206,158.4018,708.3527,47.6648,11.3621,164.3149
2025-07-22,213.6492,507.0212,167.456,153.1534,700.8574,47.8725,11.1877,167.008
2025-07-23,213.7982,504.2314,169.7986,157.8799,711.8903,48.1113,11.3951,168.2604
2025-07-24,214.3924,510.763,173.0158,161.7478,721.0635,48.6557,11.3159,169.359
2025-07-25,214.1284,514.1993,173.8632,165.7137,726.718,48.332,11.3703,168.1961
2025-07-28,214.04,512.5033,175.5154,172.8677,724.708,48.2771,11.3346,166.3682
2025-07-29,212.1244,513.3429,177.0364,178.756,729.875,48.0757,11.1292,167.9933
2025-07-30,209.5067,520.0145,178.864,178.6299,731.7008,48.1062,10.9079,167.5922
2025-07-31,208.9948,537.9712,179.6528,178.7851,726.1221,47.4703,11.002,165.3423
2025-08-01,204.507,525.8586,173.8656,170.9863,706.6949,45.6592,10.7898,166.805
2025-08-04,204.2151,535.0885,178.3605,176.5473,723.6421,45.8388,10.9418,169.954
2025-08-05,203.548,531.2529,178.2175,174.2561,720.9336,45.4406,11.0295,170.4471
2025-08-06,212.8573,526.0351,178.5055,162.4515,725.0989,45.5945,11.2043,171.003
2025-08-07,219.3267,522.0946,181.316,171.5982,722.119,45.096,11.214,170.9144
2025-08-08,227.3071,521.9404,182.4113,173.1283,722.5534,45.9161,11.3119,173.1215
2025-08-11,227.323,522.8272,182.5374,174.6517,719.3481,46.189,11.211,173.768
2025-08-12,229.3355,527.7602,182.0736,172.9157,742.0249,47.3466,11.2532,172.7627
2025-08-13,232.7762,524.4754,181.4275,183.4982,743.1417,47.3233,11.3979,174.0371
2025-08-14,232.7455,522.6974,181.7677,181.7311,744.2107,47.5222,11.3315,174.5939
2025-08-15,231.5464,521.8961,179.9164,177.674,734.7511,47.1901,11.4619,176.4227
2025-08-18,231.1904,516.9022,181.8389,176.0667,729.0421,47.6942,11.446,176.5838
2025-08-19,230.8466,510.4798,177.7826,168.5328,722.3157,47.9283,11.6023,177.3397
2025-08-20,226.7667,506.4212,172.5734,162.6372,717.9482,48.2818,11.5201,179.0641
2025-08-21,224.9952,505.0111,175.1073,164.0685,715.9127,48.2715,11.3247,179.2115
2025-08-22,227.764,507.5152,176.7929,166.684,738.6382,49.3169,11.697,179.2515
2025-08-25,227.9958,505.8822,180.0269,163.7389,741.2716,49.4513,11.7748,178.7257
2025-08-26,228.1997,501.6215,181.2551,166.5452,744.9248,49.9621,11.8213,176.5118
2025-08-27,230.023,504.9565,180.5257,166.2919,749.6669,50.3571,11.9214,176.8165
2025-08-28,232.0548,508.788,179.8145,168.3791,750.5916,50.4963,11.7113,175.5937
2025-08-29,232.321,507.1777,174.5406,163.5565,744.5855,50.7406,11.7696,176.7847
2025-09-02,229.9932,503.0349,169.6445,160.4279,728.972,50.2986,11.7193,177.992
2025-09-03,237.0292,504.9437,170.6606,161.9745,728.8214,50.0767,11.6337,177.5464
2025-09-04,238.5031,506.8904,170.8473,160.2567,744.5765,50.5445,11.6533,178.3015
2025-09-05,239.6771,496.8246,166.5556,152.547,738.843,49.7363,11.736,178.1005
2025-09-08,238.2065,498.6345,169.4244,151.1053,739.4221,49.5024,11.6666,178.078
2025-09-09,235.5793,499.2582,169.0681,154.2973,758.1757,50.231,11.5199,177.0557
2025-09-10,227.7892,500.5297,177.458,160.3676,768.8185,50.2143,11.3812,175.5264
2025-09-11,229.1184,501.4612,177.7323,156.3031,785.2125,50.6725,11.7098,177.9171
2025-09-12,233.1344,509.6873,177.7448,157.9187,780.6582,50.6247,11.7149,178.0961
2025-09-15,236.3383,513.0943,176.5506,159.9816,786.8366,50.6789,11.6731,177.5499
2025-09-16,238.8414,511.2843,175.5261,160.4167,784.7059,50.6095,11.5834,176.6361
2025-09-17,239.2054,508.9381,170.4162,159.0066,793.3799,51.3399,11.7064,177.2021
2025-09-18,238.0573,509.2176,175.6918,154.5942,802.3791,51.9284,11.7086,175.0838
2025-09-19,244.4678,515.2262,176.4855,157.4574,804.9533,52.2896,11.6401,176.0665
2025-09-22,253.7951,514.6125,181.0042,160.6094,803.9167,52.0302,11.636,174.8529
2025-09-23,255.1677,510.0672,179.4438,161.1989,810.3358,51.9695,11.7946,176.3439
2025-09-24,252.2784,509.4699,177.4531,161.4564,798.339,51.7705,11.6813,176.5974
2025-09-25,254.8219,507.4554,177.2659,159.29,792.6061,51.8948,11.5393,177.2726
2025-09-26,255.458,510.4715,177.0489,159.0452,803.6958,52.2582,12.0254,179.2957
2025-09-29,254.0231,514.4514,182.2788,162.2787,803.1616,52.3286,12.0203,181.1132
2025-09-30,254.539,516.2137,185.5251,160.8795,793.5363,51.541,12.0031,184.6316
2025-10-01,256.004,517.2994,186.6212,162.6981,788.5721,50.8483,12.1775,185.5328
2025-10-02,256.855,515.8554,189.3569,169.1176,778.965,50.3937,12.224,185.8058
2025-10-03,257.8596,518.0515,188.1292,166.7864,788.7368,50.7339,12.4473,188.6884
2025-10-06,256.8692,526.5819,185.7015,211.6657,795.5439,50.4449,12.672,188.2949
2025-10-07,256.4092,524.469,186.2826,213.1695,789.7503,50.3998,11.9273,187.4436
2025-10-08,257.8119,524.8448,188.4005,227.1509,780.1754,50.0755,11.807,189.5125
2025-10-09,254.5102,520.935,193.1692,234.2178,777.2558,49.8259,11.5561,191.0033
2025-10-10,248.3661,514.479,188.6684,220.793,772.2925,49.122,11.4499,190.8823
2025-10-13,247.9036,513.9885,188.2877,218.6669,786.4206,49.027,11.5226,190.4754
2025-10-14,247.3488,511.9895,181.8108,220.316,767.0912,49.8805,11.6333,189.4682
2025-10-15,249.5813,514.0831,180.8484,234.1807,770.4258,52.2717,11.7139,191.1532
2025-10-16,247.354,511.9437,181.6821,237.2975,765.927,51.1639,11.7122,191.9776
2025-10-17,250.7598,512.1337,182.1946,232.0596,750.4264,51.2535,11.9147,192.9302
2025-10-20,261.7003,516.6209,183.3344,240.2564,762.1467,52.0188,12.0082,193.5518
2025-10-21,263.4176,516.4935,181.357,238.3905,761.1132,51.7784,12.5245,192.3362
2025-10-22,258.6829,521.5607,179.7342,230.6784,747.8775,50.9778,12.4048,192.8636
2025-10-23,259.577,521.6706,181.7945,233.571,750.9493,51.6186,12.3547,192.3193
2025-10-24,262.539,523.7012,185.5443,250.2784,778.2043,52.544,13.6187,190.5045
2025-10-27,267.0053,531.9508,190.793,255.6805,791.487,52.8781,13.3863,190.2269
2025-10-28,268.9865,544.7337,197.518,260.7265,792.1452,52.7805,13.1558,187.3994
2025-10-29,269.5125,537.0698,208.2102,262.7492,787.1124,52.6754,13.2938,186.1526
2025-10-30,272.2528,527.0731,203.2848,258.6782,795.3169,53.0891,13.1893,188.692
2025-10-31,271.3276,518.6618,204.3466,257.8862,788.4521,53.2625,13.0723,188.6547
2025-11-03,268.2996,518.5417,208.3017,257.6994,788.6174,53.2747,12.9946,186.8022
2025-11-04,269.7485,513.1669,200.6251,251.6579,792.2271,53.5208,12.823,186.8808
2025-11-05,269.8162,509.0006,199.1276,252.3483,790.6587,52.4413,13.1269,186.2595
2025-11-06,270.7137,498.6111,190.404,240.9564,786.7652,53.2896,13.0991,186.5801
2025-11-07,269.0051,496.093,183.9539,230.0261,777.5545,53.1795,13.1589,186.8336
2025-11-10,270.0586,504.2603,196.7159,244.5626,797.925,53.569,13.1141,187.4439
2025-11-11,274.0648,507.3212,193.4049,241.1867,807.0479,53.7309,13.345,192.2777
2025-11-12,273.8707,507.8895,192.8095,257.2942,835.0199,54.2349,13.42,194.4328
2025-11-13,273.3661,506.1088,186.7263,251.8808,817.288,53.256,13.3799,195.2166
2025-11-14,273.1083,507.4492,187.9555,246.7111,792.1114,52.5902,13.2308,195.7975
2025-11-17,267.9843,507.8177,186.6614,242.7022,780.4837,51.8432,12.9587,199.2725
2025-11-18,267.725,493.6564,182.3827,230.5645,777.6157,51.6969,12.9961,199.6065
2025-11-19,269.3236,488.0868,187.2626,225.837,782.5849,52.1203,12.978,202.055
2025-11-20,269.4688,482.9515,187.3378,216.317,790.9998,51.6783,12.5646,203.1803
2025-11-21,270.5143,473.5108,179.3063,202.5986,770.372,51.3851,12.7659,204.9147
2025-11-24,275.3137,473.904,181.1522,213.5573,789.4019,51.9379,12.9358,205.4341
2025-11-25,277.9957,474.4146,174.331,200.2818,798.4442,52.478,13.1803,206.8769
2025-11-26,278.0461,485.2468,180.4089,212.2201,815.6936,52.9434,13.208,207.2341
2025-11-28,277.63,490.8898,177.5225,216.5952,826.3302,53.6597,13.277,206.353
2025-12-01,281.0716,487.3305,178.7795,218.4488,812.8096,53.4231,13.2482,205.9962
2025-12-02,285.5942,490.0462,182.4541,218.6819,815.0466,53.2258,12.9648,204.6794
2025-12-03,285.5332,479.4554,180.3798,216.0583,832.6662,53.9292,13.0825,205.5241
2025-12-04,280.7565,479.2534,182.5676,216.4377,838.1706,54.3302,13.1238,202.6702
2025-12-05,279.1557,482.066,182.2623,219.007,851.9752,54.1051,13.1539,202.0439
2025-12-08,277.5384,490.0518,185.0319,220.839,864.3714,53.8774,13.1124,202.0125
2025-12-09,277.8192,491.0912,184.8415,221.7118,876.1902,53.7635,13.1295,201.6793
2025-12-10,278.4798,479.0555,183.522,220.705,885.7591,54.0084,13.2643,205.4467
2025-12-11,277.1757,482.1436,179.1277,216.5247,908.8006,54.3185,13.5724,209.8558
2025-12-12,278.2466,478.684,177.3371,213.1169,895.951,54.9898,13.7674,211.1835
2025-12-15,274.5069,475.0111,176.91,210.5079,894.0219,55.4735,13.6363,213.8368
2025-12-16,273.8761,475.2225,176.85,207.9769,881.8391,54.9496,13.7066,210.1679
2025-12-17,272.9914,476.9139,172.1179,201.5024,876.0579,54.782,13.3738,210.2022
2025-12-18,271.3364,484.5385,174.3797,202.9153,881.8337,54.3204,13.3354,209.0929
2025-12-19,272.8455,485.9205,179.9936,212.1249,892.6506,55.1165,13.427,206.8465
2025-12-22,271.5771,485.1081,183.4043,214.9103,900.1824,55.8595,13.479,207.0912
2025-12-23,271.775,486.6407,187.2761,214.5903,901.4546,56.0178,13.3339,205.6272
2025-12-24,274.2044,487.7332,187.9614,215.1092,908.1392,56.2653,13.3251,207.2532
2025-12-26,274.1252,487.3137,191.3002,215.067,907.8656,56.2002,13.3026,207.4404
2025-12-29,273.6175,486.6261,187.4262,214.0455,894.7538,55.5212,13.2806,208.132
2025-12-30,273.0453,487.8692,187.7696,215.3018,884.2278,55.2901,13.2418,207.1084
2025-12-31,272.2992,484.5286,188.1179,215.63,879.9288,55.0631,13.1668,206.9996
